"id","category","brand","name","missing_price","missing_image","source"
"m-003","鼠标","VXE","VXE 蜻蜓 R1 SE+","","缺图","https://search.bilibili.com/all?keyword=%E9%94%AE%E7%9C%89%E9%BC%A0%E7%9C%BC%E5%A4%8F%E5%8D%B7%E6%AF%9B%20%E6%8E%A8%E8%8D%90"
"m-005","鼠标","SKN","SKN 朱雀 碳纤维版","","缺图","https://search.bilibili.com/all?keyword=%E7%97%B4%E6%81%A9%20%E6%8E%A8%E8%8D%90"
"m-006","鼠标","狼图","狼图 M8 Pro","","缺图","https://search.bilibili.com/all?keyword=FPS%E5%A4%96%E8%AE%BE%20%E6%8E%A8%E8%8D%90"
"m-007","鼠标","Razer","雷蛇 蝰蛇标准版","","缺图","https://search.bilibili.com/all?keyword=%E9%94%AE%E7%9C%89%E9%BC%A0%E7%9C%BC%E5%A4%8F%E5%8D%B7%E6%AF%9B%20%E6%8E%A8%E8%8D%90"
"m-009","鼠标","Edifier","漫步者 G3M Pro 升级版","","缺图","https://search.bilibili.com/all?keyword=%E9%94%AE%E7%9C%89%E9%BC%A0%E7%9C%BC%E5%A4%8F%E5%8D%B7%E6%AF%9B%20%E6%8E%A8%E8%8D%90"
"m-011","鼠标","Rapoo","雷柏 VT3S","","缺图","https://search.bilibili.com/all?keyword=%E9%94%AE%E7%9C%89%E9%BC%A0%E7%9C%BC%E5%A4%8F%E5%8D%B7%E6%AF%9B%20%E8%80%81%E5%BC%A0%20%E6%8E%A8%E8%8D%90"
"m-013","鼠标","迈从","迈从 A5 系列","","缺图","https://search.bilibili.com/all?keyword=%E9%94%AE%E7%9C%89%E9%BC%A0%E7%9C%BC%E5%A4%8F%E5%8D%B7%E6%AF%9B%20%E6%8E%A8%E8%8D%90"
"m-017","鼠标","迈从","迈从 A7 V3 Ultra+","","缺图","https://search.bilibili.com/all?keyword=%E9%94%AE%E7%9C%89%E9%BC%A0%E7%9C%BC%E5%A4%8F%E5%8D%B7%E6%AF%9B%20%E6%8E%A8%E8%8D%90"
"m-019","鼠标","ROG","ROG 龙鳞 Ace Mini 有线版","","缺图","https://search.bilibili.com/all?keyword=%E9%94%AE%E7%9C%89%E9%BC%A0%E7%9C%BC%E5%A4%8F%E5%8D%B7%E6%AF%9B%20%E6%8E%A8%E8%8D%90"
"m-024","鼠标","Lamzu","兰族 荆棘 V2","","缺图","https://search.bilibili.com/all?keyword=%E9%94%AE%E7%9C%89%E9%BC%A0%E7%9C%BC%E5%A4%8F%E5%8D%B7%E6%AF%9B%20%E6%8E%A8%E8%8D%90"
"m-031","鼠标","ZOWIE","卓威 EC2-CW（无线）","","缺图","https://www.fireopen.cn/"
"m-032","鼠标","Logitech","罗技 G Pro Wireless（GPX 一代）","","缺图","https://www.fireopen.cn/"
"m-042","鼠标","卓威","ZOWIE U2-DW 4K","","缺图","https://zowie.benq.com.cn/zh-cn/mouse/u2-dw.html"
"m-043","鼠标","卓威","ZOWIE EC2-DW 4K","","缺图","https://zowie.benq.com.cn/zh-cn/mouse/ec2-dw.html"
"m-044","鼠标","卓威","ZOWIE ZA13-DW 4K","","缺图","https://zowie.benq.com.cn/zh-cn/mouse/za13-dw.html"
"m-045","鼠标","卓威","ZOWIE FK2-DW 4K","","缺图","https://zowie.benq.com.cn/zh-cn/mouse/fk2-dw.html"
"m-046","鼠标","卓威","ZOWIE EC2-C","","缺图","https://zowie.benq.com.cn/zh-cn/mouse/ec2-c.html"
"m-047","鼠标","雷柏","雷柏 VT7 Ultra 星闪双8K版","","缺图","https://www.rapoo.cn/product/895"
"m-048","鼠标","雷柏","雷柏 VT9s MAX 大师版V2 双8K","","缺图","https://www.rapoo.cn/product/942"
"m-050","鼠标","雷柏","雷柏 VT3 MAX 大师版V2 双8K","","缺图","https://www.rapoo.cn/product/921"
"m-056","鼠标","ATK","ATK 烈空 Z1 Ultra","","缺图","https://search.bilibili.com/all?keyword=ATK%20%E7%83%88%E7%A9%BA%20Z1%20Ultra"
"m-057","鼠标","ATK","ATK A9 大师版+","","缺图","https://search.bilibili.com/all?keyword=ATK%20A9%20%E5%A4%A7%E5%B8%88%E7%89%88%2B"
"m-059","鼠标","VXE","VXE MAD R","","缺图","https://search.bilibili.com/all?keyword=VXE%20MAD%20R"
"m-066","鼠标","Logitech","罗技 G309 LIGHTSPEED","","缺图","https://search.bilibili.com/all?keyword=%E7%BD%97%E6%8A%80%20G309"
"m-067","鼠标","Logitech","罗技 GPW4 鹰眼（GPX2 DEX）","","缺图","https://search.bilibili.com/all?keyword=%E7%BD%97%E6%8A%80%20GPW4%20%E9%B9%B0%E7%9C%BC"
"m-070","鼠标","VAXEE","VAXEE E1","","缺图","https://search.bilibili.com/all?keyword=VAXEE%20E1"
"m-075","鼠标","多彩","多彩 M800 mini Pro","","缺图","https://search.bilibili.com/all?keyword=%E5%A4%9A%E5%BD%A9%20M800%20mini%20Pro"
"m-077","鼠标","达尔优","达尔优 A980 Pro 星闪版","","缺图","https://search.bilibili.com/all?keyword=%E8%BE%BE%E5%B0%94%E4%BC%98%20A980%20Pro%20%E6%98%9F%E9%97%AA"
"m-079","鼠标","黑爵","黑爵 AJ139P NL V3 Ultra 星闪","","缺图","https://search.bilibili.com/all?keyword=%E9%BB%91%E7%88%B5%20AJ139P%20NL%20V3%20Ultra"
"m-080","鼠标","SKN","SKN 青龙4.0 Ultra","","缺图","https://search.bilibili.com/all?keyword=SKN%20%E9%9D%92%E9%BE%994.0%20Ultra"
"m-081","鼠标","血手幽灵","血手幽灵 J90","","缺图","https://search.bilibili.com/all?keyword=%E8%A1%80%E6%89%8B%E5%B9%BD%E7%81%B5%20J90"
"m2-0008","鼠标","卓威","卓威 EC2-CW（无线）","缺价","缺图","https://zowie.benq.com/en/products/mouse.html"
"m2-0009","鼠标","罗技","罗技 G Pro Wireless（GPX 一代）","缺价","缺图","https://www.logitechg.com/en-us/products/gaming-mice.html"
"m2-0011","鼠标","罗技","罗技 G309 LIGHTSPEED","缺价","缺图","https://www.logitechg.com/en-us/products/gaming-mice.html"
"m2-0012","鼠标","罗技","罗技 GPW4 鹰眼（GPX2 DEX）","缺价","缺图","https://www.logitechg.com/en-us/products/gaming-mice.html"
"m2-0014","鼠标","罗技","罗技 G203 LIGHTSYNC","缺价","缺图","https://www.logitechg.com/en-us/products/gaming-mice.html"
"m2-0015","鼠标","罗技","罗技 G305 LIGHTSPEED","缺价","缺图","https://www.logitechg.com/en-us/products/gaming-mice.html"
"m2-0023","鼠标","罗技","罗技 G603 LIGHTSPEED","缺价","缺图","https://www.logitechg.com/en-us/products/gaming-mice.html"
"m2-0025","鼠标","罗技","罗技 G600 MMO","缺价","缺图","https://www.logitechg.com/en-us/products/gaming-mice.html"
"m2-0026","鼠标","罗技","罗技 G PRO 2 LIGHTSPEED","缺价","缺图","https://www.logitechg.com/en-us/products/gaming-mice.html"
"m2-0027","鼠标","罗技","罗技 G705 Aurora","缺价","缺图","https://www.logitechg.com/en-us/products/gaming-mice.html"
"m2-0028","鼠标","罗技","罗技 G703 LIGHTSPEED","缺价","缺图","https://www.logitechg.com/en-us/products/gaming-mice.html"
"m2-0035","鼠标","罗技","罗技 MX Master 4S","缺价","缺图","https://www.logitechg.com/en-us/products/gaming-mice.html"
"m2-0037","鼠标","罗技","罗技 M720 Triathlon","缺价","缺图","https://www.logitechg.com/en-us/products/gaming-mice.html"
"m2-0038","鼠标","罗技","罗技 M650 Wireless","缺价","缺图","https://www.logitechg.com/en-us/products/gaming-mice.html"
"m2-0039","鼠标","罗技","罗技 Pebble Mouse 2 M350s","缺价","缺图","https://www.logitechg.com/en-us/products/gaming-mice.html"
"m2-0043","鼠标","雷蛇","雷蛇 DeathAdder V2 X Hyperspeed","缺价","缺图","https://www.razer.com/gaming-mice"
"m2-0046","鼠标","雷蛇","雷蛇 DeathAdder V3 8K","缺价","缺图","https://www.razer.com/gaming-mice"
"m2-0047","鼠标","雷蛇","雷蛇 Viper 8K","缺价","缺图","https://www.razer.com/gaming-mice"
"m2-0050","鼠标","雷蛇","雷蛇 Viper V3 HyperSpeed","缺价","缺图","https://www.razer.com/gaming-mice"
"m2-0051","鼠标","雷蛇","雷蛇 Viper Mini Signature Edition","缺价","缺图","https://www.razer.com/gaming-mice"
"m2-0054","鼠标","雷蛇","雷蛇 Basilisk V3 X Hyperspeed","缺价","缺图","https://www.razer.com/gaming-mice"
"m2-0055","鼠标","雷蛇","雷蛇 Basilisk X Hyperspeed","缺价","缺图","https://www.razer.com/gaming-mice"
"m2-0057","鼠标","雷蛇","雷蛇 Naga Pro","缺价","缺图","https://www.razer.com/gaming-mice"
"m2-0059","鼠标","雷蛇","雷蛇 Naga X","缺价","缺图","https://www.razer.com/gaming-mice"
"m2-0065","鼠标","雷蛇","雷蛇 Pro Click Mini","缺价","缺图","https://www.razer.com/gaming-mice"
"m2-0066","鼠标","雷蛇","雷蛇 Mamba Wireless","缺价","缺图","https://www.razer.com/gaming-mice"
"m2-0067","鼠标","雷蛇","雷蛇 Mamba Elite","缺价","缺图","https://www.razer.com/gaming-mice"
"m2-0069","鼠标","赛睿","赛睿 Rival 3 Wireless","缺价","缺图","https://steelseries.com/gaming-mice"
"m2-0072","鼠标","赛睿","赛睿 Rival 650 Wireless","缺价","缺图","https://steelseries.com/gaming-mice"
"m2-0076","鼠标","赛睿","赛睿 Sensei RAW","缺价","缺图","https://steelseries.com/gaming-mice"
"m2-0084","鼠标","赛睿","赛睿 Aerox 3 Ghost","缺价","缺图","https://steelseries.com/gaming-mice"
"m2-0086","鼠标","赛睿","赛睿 Aerox 5 Wireless","缺价","缺图","https://steelseries.com/gaming-mice"
"m2-0088","鼠标","赛睿","赛睿 Aerox 9 Wireless","缺价","缺图","https://steelseries.com/gaming-mice"
"m2-0089","鼠标","赛睿","赛睿 Rival 300","缺价","缺图","https://steelseries.com/gaming-mice"
"m2-0092","鼠标","卓威","卓威 EC1-CW","缺价","缺图","https://zowie.benq.com/en/products/mouse.html"
"m2-0095","鼠标","卓威","卓威 FK1-C","缺价","缺图","https://zowie.benq.com/en/products/mouse.html"
"m2-0096","鼠标","卓威","卓威 FK2-C","缺价","缺图","https://zowie.benq.com/en/products/mouse.html"
"m2-0099","鼠标","卓威","卓威 S1-DW","缺价","缺图","https://zowie.benq.com/en/products/mouse.html"
"m2-0104","鼠标","卓威","卓威 ZA11-DW","缺价","缺图","https://zowie.benq.com/en/products/mouse.html"
"m2-0107","鼠标","卓威","卓威 U2","缺价","缺图","https://zowie.benq.com/en/products/mouse.html"
"m2-0108","鼠标","VAXEE","VAXEE XE","缺价","缺图","https://vaxee.co/"
"m2-0109","鼠标","VAXEE","VAXEE XE Wireless","缺价","缺图","https://vaxee.co/"
"m2-0110","鼠标","VAXEE","VAXEE XE-S","缺价","缺图","https://vaxee.co/"
"m2-0111","鼠标","VAXEE","VAXEE NP-01","缺价","缺图","https://vaxee.co/"
"m2-0112","鼠标","VAXEE","VAXEE NP-01S","缺价","缺图","https://vaxee.co/"
"m2-0113","鼠标","VAXEE","VAXEE NP-01 Wireless","缺价","缺图","https://vaxee.co/"
"m2-0114","鼠标","VAXEE","VAXEE NP-01S Wireless","缺价","缺图","https://vaxee.co/"
"m2-0115","鼠标","VAXEE","VAXEE Outset AX","缺价","缺图","https://vaxee.co/"
"m2-0116","鼠标","VAXEE","VAXEE Outset AX Wireless","缺价","缺图","https://vaxee.co/"
"m2-0120","鼠标","Endgame Gear","Endgame Gear XM2we 4K","缺价","缺图","https://www.endgamegear.com/"
"m2-0121","鼠标","Endgame Gear","Endgame Gear XM2w 4K","缺价","缺图","https://www.endgamegear.com/"
"m2-0124","鼠标","Endgame Gear","Endgame Gear OP1 RGB","缺价","缺图","https://www.endgamegear.com/"
"m2-0126","鼠标","Lamzu","Lamzu Atlantis","缺价","缺图","https://lamzu.com/"
"m2-0127","鼠标","Lamzu","Lamzu Atlantis Mini","缺价","缺图","https://lamzu.com/"
"m2-0128","鼠标","Lamzu","Lamzu Atlantis Pro","缺价","缺图","https://lamzu.com/"
"m2-0129","鼠标","Lamzu","Lamzu Atlantis Mini Pro","缺价","缺图","https://lamzu.com/"
"m2-0130","鼠标","Lamzu","Lamzu Atlantis OG V2","缺价","缺图","https://lamzu.com/"
"m2-0132","鼠标","Lamzu","Lamzu Thorn 4K","缺价","缺图","https://lamzu.com/"
"m2-0134","鼠标","Lamzu","Lamzu Maya 8K","缺价","缺图","https://lamzu.com/"
"m2-0136","鼠标","Lamzu","Lamzu Tez","缺价","缺图","https://lamzu.com/"
"m2-0137","鼠标","Lamzu","Lamzu Tez Pro","缺价","缺图","https://lamzu.com/"
"m2-0138","鼠标","Pulsar","Pulsar X2","缺价","缺图","https://www.pulsar.gg/"
"m2-0139","鼠标","Pulsar","Pulsar X2 Mini","缺价","缺图","https://www.pulsar.gg/"
"m2-0140","鼠标","Pulsar","Pulsar X2 V2","缺价","缺图","https://www.pulsar.gg/"
"m2-0141","鼠标","Pulsar","Pulsar X2 V2 Mini","缺价","缺图","https://www.pulsar.gg/"
"m2-0143","鼠标","Pulsar","Pulsar X2H Mini","缺价","缺图","https://www.pulsar.gg/"
"m2-0144","鼠标","Pulsar","Pulsar X2H V2","缺价","缺图","https://www.pulsar.gg/"
"m2-0145","鼠标","Pulsar","Pulsar X2H V2 Mini","缺价","缺图","https://www.pulsar.gg/"
"m2-0146","鼠标","Pulsar","Pulsar X2A","缺价","缺图","https://www.pulsar.gg/"
"m2-0147","鼠标","Pulsar","Pulsar X2A Mini","缺价","缺图","https://www.pulsar.gg/"
"m2-0148","鼠标","Pulsar","Pulsar Xlite V2","缺价","缺图","https://www.pulsar.gg/"
"m2-0149","鼠标","Pulsar","Pulsar Xlite V2 Mini","缺价","缺图","https://www.pulsar.gg/"
"m2-0150","鼠标","Pulsar","Pulsar Xlite V3","缺价","缺图","https://www.pulsar.gg/"
"m2-0151","鼠标","Pulsar","Pulsar Xlite V3 Mini","缺价","缺图","https://www.pulsar.gg/"
"m2-0152","鼠标","Pulsar","Pulsar Xlite V3 eS","缺价","缺图","https://www.pulsar.gg/"
"m2-0154","鼠标","Pulsar","Pulsar Xlite V4 Mini","缺价","缺图","https://www.pulsar.gg/"
"m2-0159","鼠标","VXE","VXE 蜻蜓 R1 Ultimate","缺价","缺图","https://search.jd.com/Search?keyword=VXE%20VXE%20%E8%9C%BB%E8%9C%93%20R1%20Ultimate"
"m2-0160","鼠标","VXE","VXE 蜻蜓 R1 Pro 8K","缺价","缺图","https://search.jd.com/Search?keyword=VXE%20VXE%20%E8%9C%BB%E8%9C%93%20R1%20Pro%208K"
"m2-0161","鼠标","VXE","VXE 蜻蜓 R1 Pro Max 8K","缺价","缺图","https://search.jd.com/Search?keyword=VXE%20VXE%20%E8%9C%BB%E8%9C%93%20R1%20Pro%20Max%208K"
"m2-0162","鼠标","VXE","VXE MAD R SE","缺价","缺图","https://search.jd.com/Search?keyword=VXE%20VXE%20MAD%20R%20SE"
"m2-0163","鼠标","VXE","VXE MAD R+","缺价","缺图","https://search.jd.com/Search?keyword=VXE%20VXE%20MAD%20R%2B"
"m2-0165","鼠标","ATK","ATK A9 Pro","缺价","缺图","https://search.jd.com/Search?keyword=ATK%20ATK%20A9%20Pro"
"m2-0167","鼠标","ATK","ATK 烈空 X1","缺价","缺图","https://search.jd.com/Search?keyword=ATK%20ATK%20%E7%83%88%E7%A9%BA%20X1"
"m2-0168","鼠标","ATK","ATK 烈空 X1 Pro","缺价","缺图","https://search.jd.com/Search?keyword=ATK%20ATK%20%E7%83%88%E7%A9%BA%20X1%20Pro"
"m2-0169","鼠标","ATK","ATK 烈空 X1 Ultra","缺价","缺图","https://search.jd.com/Search?keyword=ATK%20ATK%20%E7%83%88%E7%A9%BA%20X1%20Ultra"
"m2-0170","鼠标","ATK","ATK 烈空 X1 Pro Max","缺价","缺图","https://search.jd.com/Search?keyword=ATK%20ATK%20%E7%83%88%E7%A9%BA%20X1%20Pro%20Max"
"m2-0172","鼠标","ATK","ATK 烈空 F1 Pro","缺价","缺图","https://search.jd.com/Search?keyword=ATK%20ATK%20%E7%83%88%E7%A9%BA%20F1%20Pro"
"m2-0173","鼠标","ATK","ATK 烈空 F1 Ultimate","缺价","缺图","https://search.jd.com/Search?keyword=ATK%20ATK%20%E7%83%88%E7%A9%BA%20F1%20Ultimate"
"m2-0174","鼠标","ATK","ATK 烈空 Z1 Pro","缺价","缺图","https://search.jd.com/Search?keyword=ATK%20ATK%20%E7%83%88%E7%A9%BA%20Z1%20Pro"
"m2-0175","鼠标","ATK","ATK A7","缺价","缺图","https://search.jd.com/Search?keyword=ATK%20ATK%20A7"
"m2-0176","鼠标","ATK","ATK A7 Pro","缺价","缺图","https://search.jd.com/Search?keyword=ATK%20ATK%20A7%20Pro"
"m2-0177","鼠标","ATK","ATK A7 Ultra","缺价","缺图","https://search.jd.com/Search?keyword=ATK%20ATK%20A7%20Ultra"
"m2-0178","鼠标","ATK","ATK A7 Pro Max","缺价","缺图","https://search.jd.com/Search?keyword=ATK%20ATK%20A7%20Pro%20Max"
"m2-0181","鼠标","迈从","迈从 G3 Pro Max","缺价","缺图","https://search.jd.com/Search?keyword=%E8%BF%88%E4%BB%8E%20%E8%BF%88%E4%BB%8E%20G3%20Pro%20Max"
"m2-0182","鼠标","迈从","迈从 G5","缺价","缺图","https://search.jd.com/Search?keyword=%E8%BF%88%E4%BB%8E%20%E8%BF%88%E4%BB%8E%20G5"
"m2-0183","鼠标","迈从","迈从 G5 Pro","缺价","缺图","https://search.jd.com/Search?keyword=%E8%BF%88%E4%BB%8E%20%E8%BF%88%E4%BB%8E%20G5%20Pro"
"m2-0185","鼠标","迈从","迈从 G7 Pro","缺价","缺图","https://search.jd.com/Search?keyword=%E8%BF%88%E4%BB%8E%20%E8%BF%88%E4%BB%8E%20G7%20Pro"
"m2-0190","鼠标","迈从","迈从 A7","缺价","缺图","https://search.jd.com/Search?keyword=%E8%BF%88%E4%BB%8E%20%E8%BF%88%E4%BB%8E%20A7"
"m2-0192","鼠标","迈从","迈从 A7 Pro Max","缺价","缺图","https://search.jd.com/Search?keyword=%E8%BF%88%E4%BB%8E%20%E8%BF%88%E4%BB%8E%20A7%20Pro%20Max"
"m2-0193","鼠标","迈从","迈从 X5","缺价","缺图","https://search.jd.com/Search?keyword=%E8%BF%88%E4%BB%8E%20%E8%BF%88%E4%BB%8E%20X5"
"m2-0194","鼠标","迈从","迈从 X5 Pro","缺价","缺图","https://search.jd.com/Search?keyword=%E8%BF%88%E4%BB%8E%20%E8%BF%88%E4%BB%8E%20X5%20Pro"
"m2-0199","鼠标","达摩鲨","达摩鲨 M3","缺价","缺图","https://search.jd.com/Search?keyword=%E8%BE%BE%E6%91%A9%E9%B2%A8%20%E8%BE%BE%E6%91%A9%E9%B2%A8%20M3"
"m2-0204","鼠标","达摩鲨","达摩鲨 M7","缺价","缺图","https://search.jd.com/Search?keyword=%E8%BE%BE%E6%91%A9%E9%B2%A8%20%E8%BE%BE%E6%91%A9%E9%B2%A8%20M7"
"m2-0205","鼠标","达摩鲨","达摩鲨 M7 Pro","缺价","缺图","https://search.jd.com/Search?keyword=%E8%BE%BE%E6%91%A9%E9%B2%A8%20%E8%BE%BE%E6%91%A9%E9%B2%A8%20M7%20Pro"
"m2-0206","鼠标","达摩鲨","达摩鲨 M7 Pro Max","缺价","缺图","https://search.jd.com/Search?keyword=%E8%BE%BE%E6%91%A9%E9%B2%A8%20%E8%BE%BE%E6%91%A9%E9%B2%A8%20M7%20Pro%20Max"
"m2-0207","鼠标","达摩鲨","达摩鲨 M8","缺价","缺图","https://search.jd.com/Search?keyword=%E8%BE%BE%E6%91%A9%E9%B2%A8%20%E8%BE%BE%E6%91%A9%E9%B2%A8%20M8"
"m2-0208","鼠标","达摩鲨","达摩鲨 M8 Pro","缺价","缺图","https://search.jd.com/Search?keyword=%E8%BE%BE%E6%91%A9%E9%B2%A8%20%E8%BE%BE%E6%91%A9%E9%B2%A8%20M8%20Pro"
"m2-0210","鼠标","达摩鲨","达摩鲨 N1 Pro","缺价","缺图","https://search.jd.com/Search?keyword=%E8%BE%BE%E6%91%A9%E9%B2%A8%20%E8%BE%BE%E6%91%A9%E9%B2%A8%20N1%20Pro"
"m2-0211","鼠标","达摩鲨","达摩鲨 N1 Pro Max","缺价","缺图","https://search.jd.com/Search?keyword=%E8%BE%BE%E6%91%A9%E9%B2%A8%20%E8%BE%BE%E6%91%A9%E9%B2%A8%20N1%20Pro%20Max"
"m2-0214","鼠标","达摩鲨","达摩鲨 N5 Pro","缺价","缺图","https://search.jd.com/Search?keyword=%E8%BE%BE%E6%91%A9%E9%B2%A8%20%E8%BE%BE%E6%91%A9%E9%B2%A8%20N5%20Pro"
"m2-0215","鼠标","达摩鲨","达摩鲨 N6","缺价","缺图","https://search.jd.com/Search?keyword=%E8%BE%BE%E6%91%A9%E9%B2%A8%20%E8%BE%BE%E6%91%A9%E9%B2%A8%20N6"
"m2-0216","鼠标","达摩鲨","达摩鲨 N6 Pro","缺价","缺图","https://search.jd.com/Search?keyword=%E8%BE%BE%E6%91%A9%E9%B2%A8%20%E8%BE%BE%E6%91%A9%E9%B2%A8%20N6%20Pro"
"m2-0219","鼠标","雷柏","雷柏 VT9 Pro Max","缺价","缺图","https://search.jd.com/Search?keyword=%E9%9B%B7%E6%9F%8F%20%E9%9B%B7%E6%9F%8F%20VT9%20Pro%20Max"
"m2-0220","鼠标","雷柏","雷柏 VT9 Air Pro","缺价","缺图","https://search.jd.com/Search?keyword=%E9%9B%B7%E6%9F%8F%20%E9%9B%B7%E6%9F%8F%20VT9%20Air%20Pro"
"m2-0221","鼠标","雷柏","雷柏 VT3","缺价","缺图","https://search.jd.com/Search?keyword=%E9%9B%B7%E6%9F%8F%20%E9%9B%B7%E6%9F%8F%20VT3"
"m2-0224","鼠标","雷柏","雷柏 VT2","缺价","缺图","https://search.jd.com/Search?keyword=%E9%9B%B7%E6%9F%8F%20%E9%9B%B7%E6%9F%8F%20VT2"
"m2-0225","鼠标","雷柏","雷柏 VT2 Pro","缺价","缺图","https://search.jd.com/Search?keyword=%E9%9B%B7%E6%9F%8F%20%E9%9B%B7%E6%9F%8F%20VT2%20Pro"
"m2-0226","鼠标","雷柏","雷柏 VT2 Pro Max","缺价","缺图","https://search.jd.com/Search?keyword=%E9%9B%B7%E6%9F%8F%20%E9%9B%B7%E6%9F%8F%20VT2%20Pro%20Max"
"m2-0230","鼠标","雷柏","雷柏 VT1 Air","缺价","缺图","https://search.jd.com/Search?keyword=%E9%9B%B7%E6%9F%8F%20%E9%9B%B7%E6%9F%8F%20VT1%20Air"
"m2-0231","鼠标","雷柏","雷柏 VT1 Air Pro","缺价","缺图","https://search.jd.com/Search?keyword=%E9%9B%B7%E6%9F%8F%20%E9%9B%B7%E6%9F%8F%20VT1%20Air%20Pro"
"m2-0232","鼠标","雷柏","雷柏 V300","缺价","缺图","https://search.jd.com/Search?keyword=%E9%9B%B7%E6%9F%8F%20%E9%9B%B7%E6%9F%8F%20V300"
"m2-0235","鼠标","雷柏","雷柏 V300 W","缺价","缺图","https://search.jd.com/Search?keyword=%E9%9B%B7%E6%9F%8F%20%E9%9B%B7%E6%9F%8F%20V300%20W"
"m2-0237","鼠标","雷柏","雷柏 V25","缺价","缺图","https://search.jd.com/Search?keyword=%E9%9B%B7%E6%9F%8F%20%E9%9B%B7%E6%9F%8F%20V25"
"m2-0238","鼠标","雷柏","雷柏 V26","缺价","缺图","https://search.jd.com/Search?keyword=%E9%9B%B7%E6%9F%8F%20%E9%9B%B7%E6%9F%8F%20V26"
"m2-0240","鼠标","狼途","狼途 LT9","缺价","缺图","https://search.jd.com/Search?keyword=%E7%8B%BC%E9%80%94%20%E7%8B%BC%E9%80%94%20LT9"
"m2-0241","鼠标","狼途","狼途 LT9 Pro","缺价","缺图","https://search.jd.com/Search?keyword=%E7%8B%BC%E9%80%94%20%E7%8B%BC%E9%80%94%20LT9%20Pro"
"m2-0245","鼠标","VGN","VGN 蜻蜓F1 Ultimate","缺价","缺图","https://search.jd.com/Search?keyword=VGN%20VGN%20%E8%9C%BB%E8%9C%93F1%20Ultimate"
"m2-0246","鼠标","VGN","VGN 蜻蜓F1 Extreme","缺价","缺图","https://search.jd.com/Search?keyword=VGN%20VGN%20%E8%9C%BB%E8%9C%93F1%20Extreme"
"m2-0247","鼠标","VGN","VGN 蜻蜓F1 Pro 8K","缺价","缺图","https://search.jd.com/Search?keyword=VGN%20VGN%20%E8%9C%BB%E8%9C%93F1%20Pro%208K"
"m2-0248","鼠标","VGN","VGN 蜻蜓F1 Pro Max 8K","缺价","缺图","https://search.jd.com/Search?keyword=VGN%20VGN%20%E8%9C%BB%E8%9C%93F1%20Pro%20Max%208K"
"m2-0250","鼠标","Fantech","Fantech Aria XD7","缺价","缺图","https://fantechworld.com/collections/mouse"
"m2-0251","鼠标","Fantech","Fantech Aria XD7 II","缺价","缺图","https://fantechworld.com/collections/mouse"
"m2-0252","鼠标","Fantech","Fantech Helios XD3 V2","缺价","缺图","https://fantechworld.com/collections/mouse"
"m2-0253","鼠标","Fantech","Fantech Helios XD5 V2","缺价","缺图","https://fantechworld.com/collections/mouse"
"m2-0254","鼠标","Fantech","Fantech Helios XD7","缺价","缺图","https://fantechworld.com/collections/mouse"
"m2-0255","鼠标","Fantech","Fantech Pulse XD7","缺价","缺图","https://fantechworld.com/collections/mouse"
"m2-0257","鼠标","AULA","AULA SC880 Ultra","缺价","缺图","https://search.jd.com/Search?keyword=AULA%20AULA%20SC880%20Ultra"
"m2-0258","鼠标","HyperX","HyperX Pulsefire Core","缺价","缺图","https://www.hyperxgaming.com/us/en/mice"
"m2-0259","鼠标","HyperX","HyperX Pulsefire FPS Pro","缺价","缺图","https://www.hyperxgaming.com/us/en/mice"
"m2-0260","鼠标","HyperX","HyperX Pulsefire FPS","缺价","缺图","https://www.hyperxgaming.com/us/en/mice"
"m2-0261","鼠标","HyperX","HyperX Pulsefire Surge","缺价","缺图","https://www.hyperxgaming.com/us/en/mice"
"m2-0262","鼠标","HyperX","HyperX Pulsefire Dart","缺价","缺图","https://www.hyperxgaming.com/us/en/mice"
"m2-0263","鼠标","HyperX","HyperX Pulsefire Raid","缺价","缺图","https://www.hyperxgaming.com/us/en/mice"
"m2-0264","鼠标","HyperX","HyperX Pulsefire Haste","缺价","缺图","https://www.hyperxgaming.com/us/en/mice"
"m2-0265","鼠标","HyperX","HyperX Pulsefire Haste Wireless","缺价","缺图","https://www.hyperxgaming.com/us/en/mice"
"m2-0267","鼠标","HyperX","HyperX Pulsefire Haste 2 Wireless","缺价","缺图","https://www.hyperxgaming.com/us/en/mice"
"m2-0268","鼠标","HyperX","HyperX Pulsefire Haste 2 Core","缺价","缺图","https://www.hyperxgaming.com/us/en/mice"
"m2-0269","鼠标","Corsair","海盗船 Harpoon RGB","缺价","缺图","https://www.corsair.com/us/en/gaming-mice"
"m2-0270","鼠标","Corsair","海盗船 Harpoon RGB Pro","缺价","缺图","https://www.corsair.com/us/en/gaming-mice"
"m2-0271","鼠标","Corsair","海盗船 Harpoon Wireless","缺价","缺图","https://www.corsair.com/us/en/gaming-mice"
"m2-0272","鼠标","Corsair","海盗船 Harpoon RGB Wireless","缺价","缺图","https://www.corsair.com/us/en/gaming-mice"
"m2-0273","鼠标","Corsair","海盗船 Scimitar RGB Elite","缺价","缺图","https://www.corsair.com/us/en/gaming-mice"
"m2-0274","鼠标","Corsair","海盗船 Scimitar Pro Wireless","缺价","缺图","https://www.corsair.com/us/en/gaming-mice"
"m2-0275","鼠标","Corsair","海盗船 M65 RGB Elite","缺价","缺图","https://www.corsair.com/us/en/gaming-mice"
"m2-0276","鼠标","Corsair","海盗船 M65 RGB Ultra","缺价","缺图","https://www.corsair.com/us/en/gaming-mice"
"m2-0277","鼠标","Corsair","海盗船 M65 Pro RGB","缺价","缺图","https://www.corsair.com/us/en/gaming-mice"
"m2-0278","鼠标","Corsair","海盗船 Ironclaw RGB","缺价","缺图","https://www.corsair.com/us/en/gaming-mice"
"m2-0279","鼠标","Corsair","海盗船 Ironclaw Wireless","缺价","缺图","https://www.corsair.com/us/en/gaming-mice"
"m2-0280","鼠标","Corsair","海盗船 Dark Core RGB Pro","缺价","缺图","https://www.corsair.com/us/en/gaming-mice"
"m2-0281","鼠标","Corsair","海盗船 Dark Core RGB Pro SE","缺价","缺图","https://www.corsair.com/us/en/gaming-mice"
"m2-0282","鼠标","Corsair","海盗船 Sabre RGB Pro","缺价","缺图","https://www.corsair.com/us/en/gaming-mice"
"m2-0283","鼠标","Corsair","海盗船 Sabre RGB Pro Wireless","缺价","缺图","https://www.corsair.com/us/en/gaming-mice"
"m2-0284","鼠标","Corsair","海盗船 Sabre Pro Champion Series","缺价","缺图","https://www.corsair.com/us/en/gaming-mice"
"m2-0286","鼠标","Corsair","海盗船 Katar Pro XT","缺价","缺图","https://www.corsair.com/us/en/gaming-mice"
"m2-0287","鼠标","Corsair","海盗船 Katar Pro Wireless","缺价","缺图","https://www.corsair.com/us/en/gaming-mice"
"m2-0288","鼠标","Corsair","海盗船 Katar Elite Wireless","缺价","缺图","https://www.corsair.com/us/en/gaming-mice"
"m2-0289","鼠标","Corsair","海盗船 Nightsword RGB","缺价","缺图","https://www.corsair.com/us/en/gaming-mice"
"m2-0290","鼠标","Corsair","海盗船 M75","缺价","缺图","https://www.corsair.com/us/en/gaming-mice"
"m2-0293","鼠标","ROG","ROG Gladius II","缺价","缺图","https://rog.asus.com/mice-keyboards/mice/"
"m2-0294","鼠标","ROG","ROG Gladius II Origin","缺价","缺图","https://rog.asus.com/mice-keyboards/mice/"
"m2-0297","鼠标","ROG","ROG Gladius III Aimpoint","缺价","缺图","https://rog.asus.com/mice-keyboards/mice/"
"m2-0301","鼠标","ROG","ROG Strix Impact III Wireless","缺价","缺图","https://rog.asus.com/mice-keyboards/mice/"
"m2-0303","鼠标","ROG","ROG Keris Wireless","缺价","缺图","https://rog.asus.com/mice-keyboards/mice/"
"m2-0306","鼠标","ROG","ROG Keris II Aimpoint","缺价","缺图","https://rog.asus.com/mice-keyboards/mice/"
"m2-0307","鼠标","ROG","ROG Keris II Wireless","缺价","缺图","https://rog.asus.com/mice-keyboards/mice/"
"m2-0308","鼠标","ROG","ROG Chakram","缺价","缺图","https://rog.asus.com/mice-keyboards/mice/"
"m2-0309","鼠标","ROG","ROG Chakram X","缺价","缺图","https://rog.asus.com/mice-keyboards/mice/"
"m2-0314","鼠标","ROG","ROG Pugio II","缺价","缺图","https://rog.asus.com/mice-keyboards/mice/"
"m2-0315","鼠标","Glorious","Glorious Model O","缺价","缺图","https://www.gloriousgaming.com/collections/mice"
"m2-0316","鼠标","Glorious","Glorious Model O-","缺价","缺图","https://www.gloriousgaming.com/collections/mice"
"m2-0317","鼠标","Glorious","Glorious Model D","缺价","缺图","https://www.gloriousgaming.com/collections/mice"
"m2-0318","鼠标","Glorious","Glorious Model D-","缺价","缺图","https://www.gloriousgaming.com/collections/mice"
"m2-0319","鼠标","Glorious","Glorious Model O Wireless","缺价","缺图","https://www.gloriousgaming.com/collections/mice"
"m2-0320","鼠标","Glorious","Glorious Model D Wireless","缺价","缺图","https://www.gloriousgaming.com/collections/mice"
"m2-0322","鼠标","Glorious","Glorious Model O 2 Pro","缺价","缺图","https://www.gloriousgaming.com/collections/mice"
"m2-0323","鼠标","Glorious","Glorious Model D 2","缺价","缺图","https://www.gloriousgaming.com/collections/mice"
"m2-0324","鼠标","Glorious","Glorious Model D 2 Pro","缺价","缺图","https://www.gloriousgaming.com/collections/mice"
"m2-0325","鼠标","Glorious","Glorious Model I 2","缺价","缺图","https://www.gloriousgaming.com/collections/mice"
"m2-0326","鼠标","Glorious","Glorious Model I 2 Wireless","缺价","缺图","https://www.gloriousgaming.com/collections/mice"
"m2-0327","鼠标","Glorious","Glorious Series One Pro","缺价","缺图","https://www.gloriousgaming.com/collections/mice"
"m2-0328","鼠标","Glorious","Glorious Series Two Pro","缺价","缺图","https://www.gloriousgaming.com/collections/mice"
"m2-0329","鼠标","Finalmouse","Finalmouse Starlight-12 Small","缺价","缺图","https://finalmouse.com/"
"m2-0330","鼠标","Finalmouse","Finalmouse Starlight-12 Medium","缺价","缺图","https://finalmouse.com/"
"m2-0331","鼠标","Finalmouse","Finalmouse Starlight-12 Large","缺价","缺图","https://finalmouse.com/"
"m2-0332","鼠标","Finalmouse","Finalmouse Starlight-12 Phantom","缺价","缺图","https://finalmouse.com/"
"m2-0333","鼠标","Finalmouse","Finalmouse Starlight-12 Last Legend","缺价","缺图","https://finalmouse.com/"
"m2-0334","鼠标","Finalmouse","Finalmouse ULX Small","缺价","缺图","https://finalmouse.com/"
"m2-0335","鼠标","Finalmouse","Finalmouse ULX Medium","缺价","缺图","https://finalmouse.com/"
"m2-0336","鼠标","Finalmouse","Finalmouse ULX Large","缺价","缺图","https://finalmouse.com/"
"m2-0337","鼠标","Finalmouse","Finalmouse ULX Lion","缺价","缺图","https://finalmouse.com/"
"m2-0338","鼠标","Finalmouse","Finalmouse ULX Ace","缺价","缺图","https://finalmouse.com/"
"m2-0339","鼠标","G-Wolves","G-Wolves HSK","缺价","缺图","https://www.g-wolves.com/"
"m2-0340","鼠标","G-Wolves","G-Wolves HSK Pro","缺价","缺图","https://www.g-wolves.com/"
"m2-0342","鼠标","G-Wolves","G-Wolves HT-S","缺价","缺图","https://www.g-wolves.com/"
"m2-0343","鼠标","G-Wolves","G-Wolves HT-S 4K","缺价","缺图","https://www.g-wolves.com/"
"m2-0344","鼠标","G-Wolves","G-Wolves HTX","缺价","缺图","https://www.g-wolves.com/"
"m2-0345","鼠标","G-Wolves","G-Wolves HTX 4K","缺价","缺图","https://www.g-wolves.com/"
"m2-0346","鼠标","G-Wolves","G-Wolves HTX Mini","缺价","缺图","https://www.g-wolves.com/"
"m2-0347","鼠标","G-Wolves","G-Wolves HTS+","缺价","缺图","https://www.g-wolves.com/"
"m2-0348","鼠标","G-Wolves","G-Wolves HTS+ 4K","缺价","缺图","https://www.g-wolves.com/"
"m2-0349","鼠标","Ninjutso","Ninjutso Sora","缺价","缺图","https://ninjutso.com/"
"m2-0351","鼠标","Ninjutso","Ninjutso Sora 4K","缺价","缺图","https://ninjutso.com/"
"m2-0352","鼠标","Ninjutso","Ninjutso Katana","缺价","缺图","https://ninjutso.com/"
"m2-0353","鼠标","Ninjutso","Ninjutso Katana Wireless","缺价","缺图","https://ninjutso.com/"
"m2-0354","鼠标","Ninjutso","Ninjutso Origin One X","缺价","缺图","https://ninjutso.com/"
"m2-0355","鼠标","Ninjutso","Ninjutso Origin One S","缺价","缺图","https://ninjutso.com/"
"m2-0357","鼠标","黑爵","黑爵 AJ199 Pro","缺价","缺图","https://search.jd.com/Search?keyword=%E9%BB%91%E7%88%B5%20%E9%BB%91%E7%88%B5%20AJ199%20Pro"
"m2-0364","鼠标","黑爵","黑爵 AJ139","缺价","缺图","https://search.jd.com/Search?keyword=%E9%BB%91%E7%88%B5%20%E9%BB%91%E7%88%B5%20AJ139"
"m2-0368","鼠标","Attack Shark","Attack Shark X6","缺价","缺图","https://www.attackshark.com/"
"m2-0369","鼠标","Attack Shark","Attack Shark X6 Pro","缺价","缺图","https://www.attackshark.com/"
"m2-0371","鼠标","Attack Shark","Attack Shark X11 Pro","缺价","缺图","https://www.attackshark.com/"
"m2-0373","鼠标","Attack Shark","Attack Shark R1 Pro","缺价","缺图","https://www.attackshark.com/"
"m2-0374","鼠标","Attack Shark","Attack Shark K1","缺价","缺图","https://www.attackshark.com/"
"m2-0375","鼠标","Attack Shark","Attack Shark K1 Pro","缺价","缺图","https://www.attackshark.com/"
"m2-0376","鼠标","WLMouse","WLMouse Beast X","缺价","缺图","https://wlmouse.com/"
"m2-0377","鼠标","WLMouse","WLMouse Beast X Mini","缺价","缺图","https://wlmouse.com/"
"m2-0378","鼠标","WLMouse","WLMouse Beast X Pro","缺价","缺图","https://wlmouse.com/"
"m2-0379","鼠标","WLMouse","WLMouse Beast X 8K","缺价","缺图","https://wlmouse.com/"
"m2-0380","鼠标","WLMouse","WLMouse Beast X Mini 8K","缺价","缺图","https://wlmouse.com/"
"m2-0381","鼠标","WLMouse","WLMouse Sword X","缺价","缺图","https://wlmouse.com/"
"m2-0382","鼠标","WLMouse","WLMouse Sword X Pro","缺价","缺图","https://wlmouse.com/"
"m2-0383","鼠标","WLMouse","WLMouse Sword X 8K","缺价","缺图","https://wlmouse.com/"
"m2-0384","鼠标","Keychron","Keychron M1","缺价","缺图","https://www.keychron.com/collections/mice"
"m2-0385","鼠标","Keychron","Keychron M1 Wireless","缺价","缺图","https://www.keychron.com/collections/mice"
"m2-0386","鼠标","Keychron","Keychron M2","缺价","缺图","https://www.keychron.com/collections/mice"
"m2-0388","鼠标","Keychron","Keychron M3 Wireless","缺价","缺图","https://www.keychron.com/collections/mice"
"m2-0396","鼠标","ROCCAT","ROCCAT Kone Aimo","缺价","缺图","https://www.roccat.com/"
"m2-0397","鼠标","ROCCAT","ROCCAT Kone Pure Ultra","缺价","缺图","https://www.roccat.com/"
"m2-0398","鼠标","ROCCAT","ROCCAT Burst Pro","缺价","缺图","https://www.roccat.com/"
"m2-0399","鼠标","ROCCAT","ROCCAT Burst Core","缺价","缺图","https://www.roccat.com/"
"m2-0400","鼠标","ROCCAT","ROCCAT Burst Pro Air","缺价","缺图","https://www.roccat.com/"
"m2-0401","鼠标","ROCCAT","ROCCAT Kain 120 AIMO","缺价","缺图","https://www.roccat.com/"
"m2-0402","鼠标","Xtrfy","Xtrfy M4","缺价","缺图","https://xtrfy.com/"
"m2-0403","鼠标","Xtrfy","Xtrfy M4 Wireless","缺价","缺图","https://xtrfy.com/"
"m2-0404","鼠标","Xtrfy","Xtrfy M42","缺价","缺图","https://xtrfy.com/"
"m2-0405","鼠标","Xtrfy","Xtrfy M8","缺价","缺图","https://xtrfy.com/"
"m2-0406","鼠标","Xtrfy","Xtrfy M8 Wireless","缺价","缺图","https://xtrfy.com/"
"m2-0408","鼠标","Xtrfy","Xtrfy MZ1 Wireless","缺价","缺图","https://xtrfy.com/"
"m2-0410","鼠标","Redragon","Redragon M686","缺价","缺图","https://www.redragonzone.com/collections/gaming-mice"
"m2-0414","鼠标","Redragon","Redragon M997","缺价","缺图","https://www.redragonzone.com/collections/gaming-mice"
"m2-0416","鼠标","Redragon","Redragon M1205","缺价","缺图","https://www.redragonzone.com/collections/gaming-mice"
"m2-0417","鼠标","Redragon","Redragon M811","缺价","缺图","https://www.redragonzone.com/collections/gaming-mice"
"m2-0419","鼠标","多彩","多彩 M800 Ultra","缺价","缺图","https://search.jd.com/Search?keyword=%E5%A4%9A%E5%BD%A9%20%E5%A4%9A%E5%BD%A9%20M800%20Ultra"
"m2-0420","鼠标","多彩","多彩 M700","缺价","缺图","https://search.jd.com/Search?keyword=%E5%A4%9A%E5%BD%A9%20%E5%A4%9A%E5%BD%A9%20M700"
"m2-0422","鼠标","多彩","多彩 M600","缺价","缺图","https://search.jd.com/Search?keyword=%E5%A4%9A%E5%BD%A9%20%E5%A4%9A%E5%BD%A9%20M600"
"m2-0423","鼠标","多彩","多彩 M618","缺价","缺图","https://search.jd.com/Search?keyword=%E5%A4%9A%E5%BD%A9%20%E5%A4%9A%E5%BD%A9%20M618"
"m2-0424","鼠标","达尔优","达尔优 A900","缺价","缺图","https://search.jd.com/Search?keyword=%E8%BE%BE%E5%B0%94%E4%BC%98%20%E8%BE%BE%E5%B0%94%E4%BC%98%20A900"
"m2-0431","鼠标","英菲克","英菲克 IN8","缺价","缺图","https://search.jd.com/Search?keyword=%E8%8B%B1%E8%8F%B2%E5%85%8B%20%E8%8B%B1%E8%8F%B2%E5%85%8B%20IN8"
"m2-0434","鼠标","前行者","前行者 S8","缺价","缺图","https://search.jd.com/Search?keyword=%E5%89%8D%E8%A1%8C%E8%80%85%20%E5%89%8D%E8%A1%8C%E8%80%85%20S8"
"m2-0436","鼠标","前行者","前行者 S10","缺价","缺图","https://search.jd.com/Search?keyword=%E5%89%8D%E8%A1%8C%E8%80%85%20%E5%89%8D%E8%A1%8C%E8%80%85%20S10"
"m2-0437","鼠标","前行者","前行者 S10 Pro","缺价","缺图","https://search.jd.com/Search?keyword=%E5%89%8D%E8%A1%8C%E8%80%85%20%E5%89%8D%E8%A1%8C%E8%80%85%20S10%20Pro"
"m2-0439","鼠标","血手幽灵","血手幽灵 J98","缺价","缺图","https://search.jd.com/Search?keyword=%E8%A1%80%E6%89%8B%E5%B9%BD%E7%81%B5%20%E8%A1%80%E6%89%8B%E5%B9%BD%E7%81%B5%20J98"
"m2-0440","鼠标","血手幽灵","血手幽灵 J100","缺价","缺图","https://search.jd.com/Search?keyword=%E8%A1%80%E6%89%8B%E5%B9%BD%E7%81%B5%20%E8%A1%80%E6%89%8B%E5%B9%BD%E7%81%B5%20J100"
"m2-0441","鼠标","血手幽灵","血手幽灵 R90","缺价","缺图","https://search.jd.com/Search?keyword=%E8%A1%80%E6%89%8B%E5%B9%BD%E7%81%B5%20%E8%A1%80%E6%89%8B%E5%B9%BD%E7%81%B5%20R90"
"kb-001","键盘","Mad Catz","美加狮 MAD 68 Pro","","缺图","https://search.bilibili.com/all?keyword=FPS%E5%A4%96%E8%AE%BE%20%E6%8E%A8%E8%8D%90"
"kb-003","键盘","WestHunter","西部猎人 CK98","","缺图","https://search.bilibili.com/all?keyword=FPS%E5%A4%96%E8%AE%BE%20%E6%8E%A8%E8%8D%90"
"kb-008","键盘","Logitech","罗技 PRO X TKL","","缺图","https://search.bilibili.com/all?keyword=FPS%E5%A4%96%E8%AE%BE%20%E6%8E%A8%E8%8D%90"
"kb-018","键盘","艾泰克 ATK","ATK 68","","缺图","https://www.atkgear.com.cn/keyboard/atk-68"
"kb-020","键盘","艾泰克 ATK","ATK 87","","缺图","https://www.atkgear.com.cn/"
"kb-021","键盘","艾泰克 ATK","ATK RS7","","缺图","https://www.atkgear.com.cn/"
"kb-026","键盘","达尔优 Dareu","达尔优 EK75RT","","缺图","https://search.bilibili.com/all?keyword=%E8%BE%BE%E5%B0%94%E4%BC%98%20EK75RT"
"kb-031","键盘","Mad Catz 美加狮","美加狮 MAD 68HE","","缺图","https://www.madcatz.com/"
"kb-033","键盘","雷蛇 Razer","Razer Huntsman V3 Pro Mini（猎魂光蛛V3专业迷你版）","","缺图","https://cn.razerzone.com/"
"kb-034","键盘","雷蛇 Razer","Razer Huntsman V3 Pro（猎魂光蛛V3专业全尺寸版）","","缺图","https://cn.razerzone.com/"
"kb-035","键盘","赛睿 SteelSeries","SteelSeries Apex Pro Gen 3 TKL","","缺图","http://cn.steelseries.com/"
"kb-036","键盘","赛睿 SteelSeries","SteelSeries Apex Pro Gen 3（全尺寸）","","缺图","http://cn.steelseries.com/"
"kb-037","键盘","赛睿 SteelSeries","SteelSeries Apex Pro Mini Wireless","","缺图","http://cn.steelseries.com/"
"kb-038","键盘","赛睿 SteelSeries","SteelSeries Apex Pro TKL（2023款）","","缺图","http://cn.steelseries.com/"
"kb-039","键盘","美商海盗船 CORSAIR","Corsair K70 PRO TKL MGX","","缺图","https://www.corsair.com/cn/zh"
"kb-041","键盘","Keychron","Keychron Q2 HE","","缺图","https://www.keychron.com/"
"kb-043","键盘","Keychron","Keychron K2 HE","","缺图","https://www.keychron.com/"
"kb-044","键盘","Lemokey（Keychron子品牌）","Lemokey P1 HE","","缺图","https://www.keychron.com/"
"kb-047","键盘","乌龟海岸 Turtle Beach","Turtle Beach Vulcan II TKL Pro","","缺图","https://www.turtlebeach.com/"
"kb-048","键盘","ROG 玩家国度","ROG Azoth Extreme","","缺图","https://rog.asus.com.cn/"
"kb-049","键盘","ROG 玩家国度","ROG Azoth","","缺图","https://rog.asus.com.cn/"
"kb-050","键盘","ROG 玩家国度","ROG Strix Scope II 96 Wireless","","缺图","https://rog.asus.com.cn/"
"kb-051","键盘","雷蛇 Razer","Razer BlackWidow V4 75%（黑寡妇V4 75%）","","缺图","https://cn.razerzone.com/"
"kb-052","键盘","美商海盗船 CORSAIR","Corsair K70 PRO MINI WIRELESS","","缺图","https://www.corsair.com/cn/zh"
"kb-056","键盘","CHERRY 樱桃","CHERRY MX 8.2","","缺图","https://www.cherry.cn/"
"kb-061","键盘","VGN","VGN F87 Pro","","缺图","https://www.vgnlab.com.cn/"
"kb-069","键盘","艾泰克 ATK","ATK Z87 Pro","","缺图","https://www.atkgear.com.cn/"
"kb-070","键盘","御斧 YUNZII","御斧 AL71","","缺图","https://www.yunzii.com/"
"kb2-0010","键盘","Mad Catz","美加狮 MAD 68HE","缺价","缺图","https://search.jd.com/Search?keyword=Mad%20Catz%20%E7%BE%8E%E5%8A%A0%E7%8B%AE%20MAD%2068HE"
"kb2-0011","键盘","雷蛇","Razer Huntsman V3 Pro TKL（猎魂光蛛V3专业竞技版）","缺价","","https://www.razer.com/gaming-keyboards"
"kb2-0012","键盘","雷蛇","Razer Huntsman V3 Pro Mini（猎魂光蛛V3专业迷你版）","缺价","","https://www.razer.com/gaming-keyboards"
"kb2-0013","键盘","雷蛇","Razer Huntsman V3 Pro（猎魂光蛛V3专业全尺寸版）","缺价","","https://www.razer.com/gaming-keyboards"
"kb2-0014","键盘","赛睿","SteelSeries Apex Pro Gen 3 TKL","缺价","缺图","https://steelseries.com/gaming-keyboards"
"kb2-0015","键盘","赛睿","SteelSeries Apex Pro Gen 3（全尺寸）","缺价","缺图","https://steelseries.com/gaming-keyboards"
"kb2-0016","键盘","赛睿","SteelSeries Apex Pro Mini Wireless","缺价","缺图","https://steelseries.com/gaming-keyboards"
"kb2-0017","键盘","赛睿","SteelSeries Apex Pro TKL（2023款）","缺价","缺图","https://steelseries.com/gaming-keyboards"
"kb2-0018","键盘","海盗船","Corsair K70 PRO TKL MGX","缺价","缺图","https://www.corsair.com/us/en/keyboards"
"kb2-0019","键盘","Lemokey","Lemokey P1 HE","缺价","缺图","https://www.keychron.com/collections/keyboards"
"kb2-0020","键盘","Turtle Beach","Turtle Beach Vulcan II TKL Pro","缺价","缺图","https://www.turtlebeach.com/pages/gaming-keyboards"
"kb2-0023","键盘","ROG","ROG Strix Scope II 96 Wireless","缺价","缺图","https://rog.asus.com/mice-keyboards/keyboards/"
"kb2-0024","键盘","雷蛇","Razer BlackWidow V4 75%（黑寡妇V4 75%）","缺价","","https://www.razer.com/gaming-keyboards"
"kb2-0025","键盘","海盗船","Corsair K70 PRO MINI WIRELESS","缺价","缺图","https://www.corsair.com/us/en/keyboards"
"kb2-0036","键盘","ATK","ATK Z87 Pro","缺价","缺图","https://atk.store/"
"kb2-0037","键盘","御斧","御斧 AL71","缺价","缺图","https://www.yunzii.com/"
"kb2-0038","键盘","Keychron","Keychron K1 Ultra 8K","缺价","缺图","https://www.keychron.com/collections/keyboards"
"kb2-0039","键盘","Keychron","Keychron K2 Ultra 8K","缺价","缺图","https://www.keychron.com/collections/keyboards"
"kb2-0040","键盘","Keychron","Keychron K3 Ultra 8K","缺价","缺图","https://www.keychron.com/collections/keyboards"
"kb2-0041","键盘","Keychron","Keychron K4 Ultra 8K","缺价","缺图","https://www.keychron.com/collections/keyboards"
"kb2-0042","键盘","Keychron","Keychron K5 Ultra 8K","缺价","缺图","https://www.keychron.com/collections/keyboards"
"kb2-0043","键盘","Keychron","Keychron K8 Ultra 8K","缺价","缺图","https://www.keychron.com/collections/keyboards"
"kb2-0044","键盘","Keychron","Keychron K10 Ultra 8K","缺价","缺图","https://www.keychron.com/collections/keyboards"
"kb2-0047","键盘","Keychron","Keychron K3 Max","","缺图","https://www.keychron.com/collections/keyboards"
"kb2-0050","键盘","Keychron","Keychron K6 Max","缺价","缺图","https://www.keychron.com/collections/keyboards"
"kb2-0053","键盘","Keychron","Keychron K9 Max","缺价","缺图","https://www.keychron.com/collections/keyboards"
"kb2-0056","键盘","Keychron","Keychron K13 Max","缺价","缺图","https://www.keychron.com/collections/keyboards"
"kb2-0059","键盘","Keychron","Keychron K1 Pro","缺价","缺图","https://www.keychron.com/collections/keyboards"
"kb2-0062","键盘","Keychron","Keychron K4 Pro","缺价","缺图","https://www.keychron.com/collections/keyboards"
"kb2-0069","键盘","Keychron","Keychron K11 Pro","缺价","缺图","https://www.keychron.com/collections/keyboards"
"kb2-0070","键盘","Keychron","Keychron K12 Pro","缺价","缺图","https://www.keychron.com/collections/keyboards"
"kb2-0071","键盘","Keychron","Keychron K13 Pro","缺价","缺图","https://www.keychron.com/collections/keyboards"
"kb2-0073","键盘","Keychron","Keychron K15 Pro","缺价","缺图","https://www.keychron.com/collections/keyboards"
"kb2-0074","键盘","Keychron","Keychron K17 Pro","缺价","缺图","https://www.keychron.com/collections/keyboards"
"kb2-0075","键盘","Keychron","Keychron K4 HE","缺价","缺图","https://www.keychron.com/collections/keyboards"
"kb2-0076","键盘","Keychron","Keychron K6 HE","缺价","缺图","https://www.keychron.com/collections/keyboards"
"kb2-0077","键盘","Keychron","Keychron K8 HE","缺价","缺图","https://www.keychron.com/collections/keyboards"
"kb2-0079","键盘","Keychron","Keychron K3 HE","缺价","缺图","https://www.keychron.com/collections/keyboards"
"kb2-0082","键盘","Keychron","Keychron Q1 Ultra 8K","缺价","缺图","https://www.keychron.com/collections/keyboards"
"kb2-0086","键盘","Keychron","Keychron Q3 Max","缺价","缺图","https://www.keychron.com/collections/keyboards"
"kb2-0087","键盘","Keychron","Keychron Q3 Ultra 8K","缺价","缺图","https://www.keychron.com/collections/keyboards"
"kb2-0088","键盘","Keychron","Keychron Q4 Pro","缺价","缺图","https://www.keychron.com/collections/keyboards"
"kb2-0089","键盘","Keychron","Keychron Q4 Max","缺价","缺图","https://www.keychron.com/collections/keyboards"
"kb2-0090","键盘","Keychron","Keychron Q4 HE","缺价","缺图","https://www.keychron.com/collections/keyboards"
"kb2-0094","键盘","Keychron","Keychron Q5 Ultra 8K","缺价","缺图","https://www.keychron.com/collections/keyboards"
"kb2-0098","键盘","Keychron","Keychron Q6 Ultra 8K","缺价","缺图","https://www.keychron.com/collections/keyboards"
"kb2-0100","键盘","Keychron","Keychron Q8 Pro","缺价","缺图","https://www.keychron.com/collections/keyboards"
"kb2-0101","键盘","Keychron","Keychron Q8 Max","缺价","缺图","https://www.keychron.com/collections/keyboards"
"kb2-0102","键盘","Keychron","Keychron Q10 Pro","缺价","缺图","https://www.keychron.com/collections/keyboards"
"kb2-0105","键盘","Keychron","Keychron Q12 Max","缺价","缺图","https://www.keychron.com/collections/keyboards"
"kb2-0106","键盘","Keychron","Keychron Q13 Max","缺价","缺图","https://www.keychron.com/collections/keyboards"
"kb2-0107","键盘","Keychron","Keychron Q14 Max","缺价","缺图","https://www.keychron.com/collections/keyboards"
"kb2-0109","键盘","Keychron","Keychron Q60","缺价","缺图","https://www.keychron.com/collections/keyboards"
"kb2-0110","键盘","Keychron","Keychron Q60 Max","缺价","缺图","https://www.keychron.com/collections/keyboards"
"kb2-0113","键盘","Keychron","Keychron V1 Ultra 8K","缺价","缺图","https://www.keychron.com/collections/keyboards"
"kb2-0115","键盘","Keychron","Keychron V3 Max","","缺图","https://www.keychron.com/collections/keyboards"
"kb2-0116","键盘","Keychron","Keychron V4 Max","缺价","缺图","https://www.keychron.com/collections/keyboards"
"kb2-0121","键盘","Keychron","Keychron V1 8K","缺价","缺图","https://www.keychron.com/collections/keyboards"
"kb2-0122","键盘","Keychron","Keychron V3 8K","缺价","缺图","https://www.keychron.com/collections/keyboards"
"kb2-0123","键盘","Keychron","Keychron V5 8K","缺价","缺图","https://www.keychron.com/collections/keyboards"
"kb2-0124","键盘","Keychron","Keychron V6 8K","缺价","缺图","https://www.keychron.com/collections/keyboards"
"kb2-0125","键盘","Keychron","Keychron C1 Pro 8K","缺价","缺图","https://www.keychron.com/collections/keyboards"
"kb2-0126","键盘","Keychron","Keychron C2 Pro 8K","缺价","缺图","https://www.keychron.com/collections/keyboards"
"kb2-0127","键盘","Keychron","Keychron C3 Pro 8K","缺价","缺图","https://www.keychron.com/collections/keyboards"
"kb2-0128","键盘","Keychron","Keychron J1 QMK Wireless Mechanical Keyboard","缺价","缺图","https://www.keychron.com/collections/keyboards"
"kb2-0129","键盘","Keychron","Keychron J2 QMK Wireless Mechanical Keyboard","缺价","缺图","https://www.keychron.com/collections/keyboards"
"kb2-0130","键盘","Keychron","Keychron J3 SE QMK Wireless Mechanical Keyboard","缺价","缺图","https://www.keychron.com/collections/keyboards"
"kb2-0131","键盘","Keychron","Keychron J4 QMK Wireless Mechanical Keyboard","缺价","缺图","https://www.keychron.com/collections/keyboards"
"kb2-0132","键盘","Keychron","Keychron J5 QMK Wireless Mechanical Keyboard","缺价","缺图","https://www.keychron.com/collections/keyboards"
"kb2-0133","键盘","Keychron","Keychron J4 HE Wireless Magnetic Switch Keyboard","缺价","缺图","https://www.keychron.com/collections/keyboards"
"kb2-0134","键盘","Keychron","Keychron J5 HE Wireless Magnetic Switch Keyboard","缺价","缺图","https://www.keychron.com/collections/keyboards"
"kb2-0135","键盘","Keychron","Keychron J12 HE Wireless Magnetic Switch Custom Keyboard","缺价","缺图","https://www.keychron.com/collections/keyboards"
"kb2-0136","键盘","Keychron","Keychron J14 HE Wireless Magnetic Switch Custom Keyboard","缺价","缺图","https://www.keychron.com/collections/keyboards"
"kb2-0137","键盘","Keychron","Keychron R3 QMK Wireless Mechanical Keyboard","缺价","缺图","https://www.keychron.com/collections/keyboards"
"kb2-0138","键盘","Keychron","Keychron R5 QMK Wireless Mechanical Keyboard","缺价","缺图","https://www.keychron.com/collections/keyboards"
"kb2-0139","键盘","Keychron","Keychron R6 QMK Wireless Mechanical Keyboard","缺价","缺图","https://www.keychron.com/collections/keyboards"
"kb2-0140","键盘","Lemokey","Lemokey P1 QMK Wireless Custom Gaming Keyboard","缺价","缺图","https://www.keychron.com/collections/keyboards"
"kb2-0141","键盘","Lemokey","Lemokey P2 HE","缺价","缺图","https://www.keychron.com/collections/keyboards"
"kb2-0142","键盘","Lemokey","Lemokey P3 HE","缺价","缺图","https://www.keychron.com/collections/keyboards"
"kb2-0143","键盘","Lemokey","Lemokey L1 QMK Wireless Custom Gaming Keyboard","缺价","缺图","https://www.keychron.com/collections/keyboards"
"kb2-0144","键盘","Lemokey","Lemokey L3 QMK/VIA Wireless Custom Mechanical Keyboard","缺价","缺图","https://www.keychron.com/collections/keyboards"
"kb2-0145","键盘","Lemokey","Lemokey L4 QMK Wireless Custom Gaming Keyboard","缺价","缺图","https://www.keychron.com/collections/keyboards"
"kb2-0146","键盘","Lemokey","Lemokey X1 QMK/VIA Wired Mechanical Keyboard","缺价","缺图","https://www.keychron.com/collections/keyboards"
"kb2-0147","键盘","Lemokey","Lemokey X2 QMK Wired Mechanical Keyboard","缺价","缺图","https://www.keychron.com/collections/keyboards"
"kb2-0148","键盘","Lemokey","Lemokey X3 QMK/VIA Wired Mechanical Keyboard","缺价","缺图","https://www.keychron.com/collections/keyboards"
"kb2-0149","键盘","Lemokey","Lemokey X4 QMK Wired Mechanical Keyboard","缺价","缺图","https://www.keychron.com/collections/keyboards"
"kb2-0150","键盘","Lemokey","Lemokey X5 QMK Wired Mechanical Keyboard","缺价","缺图","https://www.keychron.com/collections/keyboards"
"kb2-0151","键盘","Lemokey","Lemokey X6 QMK Wired Mechanical Keyboard","缺价","缺图","https://www.keychron.com/collections/keyboards"
"kb2-0152","键盘","NuPhy","NuPhy Air60","缺价","缺图","https://nuphy.com/collections/keyboards"
"kb2-0155","键盘","NuPhy","NuPhy Air75","缺价","缺图","https://nuphy.com/collections/keyboards"
"kb2-0157","键盘","NuPhy","NuPhy Air96","缺价","缺图","https://nuphy.com/collections/keyboards"
"kb2-0159","键盘","NuPhy","NuPhy Halo65","缺价","缺图","https://nuphy.com/collections/keyboards"
"kb2-0160","键盘","NuPhy","NuPhy Halo75","缺价","缺图","https://nuphy.com/collections/keyboards"
"kb2-0161","键盘","NuPhy","NuPhy Halo75 HE","缺价","缺图","https://nuphy.com/collections/keyboards"
"kb2-0162","键盘","NuPhy","NuPhy Halo87","缺价","缺图","https://nuphy.com/collections/keyboards"
"kb2-0163","键盘","NuPhy","NuPhy Halo96","缺价","缺图","https://nuphy.com/collections/keyboards"
"kb2-0164","键盘","NuPhy","NuPhy Gem80","缺价","缺图","https://nuphy.com/collections/keyboards"
"kb2-0165","键盘","NuPhy","NuPhy Field75","缺价","缺图","https://nuphy.com/collections/keyboards"
"kb2-0166","键盘","Akko","Akko 3068B","缺价","缺图","https://www.akkogear.com/"
"kb2-0167","键盘","Akko","Akko 3068B Plus","缺价","缺图","https://www.akkogear.com/"
"kb2-0168","键盘","Akko","Akko 3087B","缺价","缺图","https://www.akkogear.com/"
"kb2-0169","键盘","Akko","Akko 3087B Plus","缺价","缺图","https://www.akkogear.com/"
"kb2-0170","键盘","Akko","Akko 3098B","缺价","缺图","https://www.akkogear.com/"
"kb2-0171","键盘","Akko","Akko 3098B Plus","缺价","缺图","https://www.akkogear.com/"
"kb2-0172","键盘","Akko","Akko 3108B","缺价","缺图","https://www.akkogear.com/"
"kb2-0173","键盘","Akko","Akko 3108B Plus","缺价","缺图","https://www.akkogear.com/"
"kb2-0174","键盘","Akko","Akko 5075B Plus","缺价","缺图","https://www.akkogear.com/"
"kb2-0175","键盘","Akko","Akko 5087B Plus","缺价","缺图","https://www.akkogear.com/"
"kb2-0178","键盘","Akko","Akko 3068N","缺价","缺图","https://www.akkogear.com/"
"kb2-0179","键盘","Akko","Akko 3087N","缺价","缺图","https://www.akkogear.com/"
"kb2-0180","键盘","Akko","Akko 3098N","缺价","缺图","https://www.akkogear.com/"
"kb2-0181","键盘","Akko","Akko 3108N","缺价","缺图","https://www.akkogear.com/"
"kb2-0182","键盘","Akko","Akko 5075S","缺价","缺图","https://www.akkogear.com/"
"kb2-0183","键盘","Akko","Akko MOD001","缺价","缺图","https://www.akkogear.com/"
"kb2-0184","键盘","Akko","Akko MOD002","缺价","缺图","https://www.akkogear.com/"
"kb2-0185","键盘","Akko","Akko MOD003","缺价","缺图","https://www.akkogear.com/"
"kb2-0186","键盘","Akko","Akko MOD004","缺价","缺图","https://www.akkogear.com/"
"kb2-0187","键盘","Akko","Akko MOD005","缺价","缺图","https://www.akkogear.com/"
"kb2-0188","键盘","Akko","Akko MOD006","缺价","缺图","https://www.akkogear.com/"
"kb2-0189","键盘","Akko","Akko MOD007","缺价","缺图","https://www.akkogear.com/"
"kb2-0190","键盘","Akko","Akko MOD007S","缺价","缺图","https://www.akkogear.com/"
"kb2-0191","键盘","Akko","Akko MOD007B","缺价","缺图","https://www.akkogear.com/"
"kb2-0192","键盘","Akko","Akko MOD007B Plus","缺价","缺图","https://www.akkogear.com/"
"kb2-0193","键盘","Akko","Akko MOD008","缺价","缺图","https://www.akkogear.com/"
"kb2-0194","键盘","Akko","Akko ACR64","缺价","缺图","https://www.akkogear.com/"
"kb2-0195","键盘","Akko","Akko ACR75","缺价","缺图","https://www.akkogear.com/"
"kb2-0196","键盘","Akko","Akko ACR87","缺价","缺图","https://www.akkogear.com/"
"kb2-0197","键盘","Akko","Akko ACR98","缺价","缺图","https://www.akkogear.com/"
"kb2-0198","键盘","Akko","Akko ACR Pro 68","缺价","缺图","https://www.akkogear.com/"
"kb2-0199","键盘","Akko","Akko ACR Pro 75","缺价","缺图","https://www.akkogear.com/"
"kb2-0200","键盘","Akko","Akko ACR Pro 87","缺价","缺图","https://www.akkogear.com/"
"kb2-0202","键盘","Akko","Akko CS98","缺价","缺图","https://www.akkogear.com/"
"kb2-0203","键盘","Akko","Akko CS108","缺价","缺图","https://www.akkogear.com/"
"kb2-0205","键盘","Wooting","Wooting Two","缺价","缺图","https://wooting.io/"
"kb2-0206","键盘","罗技","Logitech G413 Carbon","缺价","缺图","https://www.logitechg.com/en-us/products/gaming-keyboards.html"
"kb2-0207","键盘","罗技","Logitech G413 SE","缺价","缺图","https://www.logitechg.com/en-us/products/gaming-keyboards.html"
"kb2-0208","键盘","罗技","Logitech G413 TKL SE","缺价","缺图","https://www.logitechg.com/en-us/products/gaming-keyboards.html"
"kb2-0209","键盘","罗技","Logitech G413 LIGHTSYNC RGB","缺价","缺图","https://www.logitechg.com/en-us/products/gaming-keyboards.html"
"kb2-0210","键盘","罗技","Logitech G512 Carbon","缺价","缺图","https://www.logitechg.com/en-us/products/gaming-keyboards.html"
"kb2-0211","键盘","罗技","Logitech G513 Carbon","缺价","缺图","https://www.logitechg.com/en-us/products/gaming-keyboards.html"
"kb2-0212","键盘","罗技","Logitech G613 LIGHTSPEED","缺价","缺图","https://www.logitechg.com/en-us/products/gaming-keyboards.html"
"kb2-0213","键盘","罗技","Logitech G610 Orion","缺价","缺图","https://www.logitechg.com/en-us/products/gaming-keyboards.html"
"kb2-0214","键盘","罗技","Logitech G710+","缺价","缺图","https://www.logitechg.com/en-us/products/gaming-keyboards.html"
"kb2-0215","键盘","罗技","Logitech G810 Orion Spectrum","缺价","缺图","https://www.logitechg.com/en-us/products/gaming-keyboards.html"
"kb2-0216","键盘","罗技","Logitech G815 LIGHTSYNC","缺价","缺图","https://www.logitechg.com/en-us/products/gaming-keyboards.html"
"kb2-0217","键盘","罗技","Logitech G815 TKL","缺价","缺图","https://www.logitechg.com/en-us/products/gaming-keyboards.html"
"kb2-0218","键盘","罗技","Logitech G915 LIGHTSPEED","缺价","缺图","https://www.logitechg.com/en-us/products/gaming-keyboards.html"
"kb2-0221","键盘","罗技","Logitech G915 X TKL","缺价","缺图","https://www.logitechg.com/en-us/products/gaming-keyboards.html"
"kb2-0222","键盘","罗技","Logitech G715 TKL","缺价","缺图","https://www.logitechg.com/en-us/products/gaming-keyboards.html"
"kb2-0223","键盘","罗技","Logitech G713","缺价","缺图","https://www.logitechg.com/en-us/products/gaming-keyboards.html"
"kb2-0224","键盘","罗技","Logitech G Pro","缺价","缺图","https://www.logitechg.com/en-us/products/gaming-keyboards.html"
"kb2-0225","键盘","罗技","Logitech G Pro X","缺价","缺图","https://www.logitechg.com/en-us/products/gaming-keyboards.html"
"kb2-0226","键盘","罗技","Logitech G Pro X 2 LIGHTSPEED","缺价","缺图","https://www.logitechg.com/en-us/products/gaming-keyboards.html"
"kb2-0228","键盘","罗技","Logitech G Pro X 60 LIGHTSPEED","缺价","缺图","https://www.logitechg.com/en-us/products/gaming-keyboards.html"
"kb2-0233","键盘","罗技","Logitech MX Keys Mini","缺价","缺图","https://www.logitechg.com/en-us/products/gaming-keyboards.html"
"kb2-0235","键盘","罗技","Logitech POP Keys 2","缺价","缺图","https://www.logitechg.com/en-us/products/gaming-keyboards.html"
"kb2-0236","键盘","罗技","Logitech Pebble Keys 2 K380s","缺价","缺图","https://www.logitechg.com/en-us/products/gaming-keyboards.html"
"kb2-0242","键盘","罗技","Logitech MK235","缺价","缺图","https://www.logitechg.com/en-us/products/gaming-keyboards.html"
"kb2-0243","键盘","罗技","Logitech MK270","缺价","缺图","https://www.logitechg.com/en-us/products/gaming-keyboards.html"
"kb2-0244","键盘","罗技","Logitech MK295","缺价","缺图","https://www.logitechg.com/en-us/products/gaming-keyboards.html"
"kb2-0245","键盘","罗技","Logitech MK345","缺价","缺图","https://www.logitechg.com/en-us/products/gaming-keyboards.html"
"kb2-0247","键盘","罗技","Logitech Signature K650","缺价","缺图","https://www.logitechg.com/en-us/products/gaming-keyboards.html"
"kb2-0248","键盘","罗技","Logitech Wave Keys","缺价","缺图","https://www.logitechg.com/en-us/products/gaming-keyboards.html"
"kb2-0251","键盘","雷蛇","Razer BlackWidow V3","缺价","","https://www.razer.com/gaming-keyboards"
"kb2-0253","键盘","雷蛇","Razer BlackWidow V3 Mini HyperSpeed","缺价","","https://www.razer.com/gaming-keyboards"
"kb2-0255","键盘","雷蛇","Razer BlackWidow V3 X","缺价","","https://www.razer.com/gaming-keyboards"
"kb2-0259","键盘","雷蛇","Razer BlackWidow V4 Pro 75%","缺价","","https://www.razer.com/gaming-keyboards"
"kb2-0260","键盘","雷蛇","Razer BlackWidow Lite","缺价","","https://www.razer.com/gaming-keyboards"
"kb2-0262","键盘","雷蛇","Razer Huntsman Mini","缺价","","https://www.razer.com/gaming-keyboards"
"kb2-0264","键盘","雷蛇","Razer Huntsman V2 TKL","缺价","","https://www.razer.com/gaming-keyboards"
"kb2-0265","键盘","雷蛇","Razer Huntsman V2 Analog","缺价","","https://www.razer.com/gaming-keyboards"
"kb2-0266","键盘","雷蛇","Razer Huntsman V2 Pro","缺价","","https://www.razer.com/gaming-keyboards"
"kb2-0267","键盘","雷蛇","Razer Huntsman V3 Pro Analog","缺价","","https://www.razer.com/gaming-keyboards"
"kb2-0268","键盘","雷蛇","Razer Huntsman V3 Pro Mini Analog","缺价","","https://www.razer.com/gaming-keyboards"
"kb2-0269","键盘","雷蛇","Razer DeathStalker V2","缺价","","https://www.razer.com/gaming-keyboards"
"kb2-0271","键盘","雷蛇","Razer DeathStalker V2 Pro TKL","缺价","","https://www.razer.com/gaming-keyboards"
"kb2-0273","键盘","雷蛇","Razer Ornata V2 TKL","缺价","","https://www.razer.com/gaming-keyboards"
"kb2-0275","键盘","雷蛇","Razer Ornata V3 X","缺价","","https://www.razer.com/gaming-keyboards"
"kb2-0277","键盘","雷蛇","Razer Cynosa V2","缺价","","https://www.razer.com/gaming-keyboards"
"kb2-0278","键盘","雷蛇","Razer Cynosa V3","缺价","","https://www.razer.com/gaming-keyboards"
"kb2-0280","键盘","雷蛇","Razer Pro Type Mini","缺价","","https://www.razer.com/gaming-keyboards"
"kb2-0284","键盘","赛睿","SteelSeries Apex Pro Gen 3 Mini","缺价","缺图","https://steelseries.com/gaming-keyboards"
"kb2-0285","键盘","赛睿","SteelSeries Apex 3","缺价","缺图","https://steelseries.com/gaming-keyboards"
"kb2-0288","键盘","赛睿","SteelSeries Apex 7","缺价","缺图","https://steelseries.com/gaming-keyboards"
"kb2-0292","键盘","赛睿","SteelSeries Apex 9 Mini Wireless","缺价","缺图","https://steelseries.com/gaming-keyboards"
"kb2-0293","键盘","赛睿","SteelSeries Apex M500","缺价","缺图","https://steelseries.com/gaming-keyboards"
"kb2-0294","键盘","赛睿","SteelSeries Apex M750","缺价","缺图","https://steelseries.com/gaming-keyboards"
"kb2-0295","键盘","赛睿","SteelSeries Apex M800","缺价","缺图","https://steelseries.com/gaming-keyboards"
"kb2-0297","键盘","赛睿","SteelSeries Apex 300","缺价","缺图","https://steelseries.com/gaming-keyboards"
"kb2-0298","键盘","海盗船","Corsair K55 RGB PRO","缺价","缺图","https://www.corsair.com/us/en/keyboards"
"kb2-0299","键盘","海盗船","Corsair K55 RGB PRO XT","缺价","缺图","https://www.corsair.com/us/en/keyboards"
"kb2-0300","键盘","海盗船","Corsair K57 RGB Wireless","缺价","缺图","https://www.corsair.com/us/en/keyboards"
"kb2-0301","键盘","海盗船","Corsair K60 RGB Pro","缺价","缺图","https://www.corsair.com/us/en/keyboards"
"kb2-0302","键盘","海盗船","Corsair K60 RGB Pro SE","缺价","缺图","https://www.corsair.com/us/en/keyboards"
"kb2-0303","键盘","海盗船","Corsair K60 Pro TKL","缺价","缺图","https://www.corsair.com/us/en/keyboards"
"kb2-0304","键盘","海盗船","Corsair K63 Wireless","缺价","缺图","https://www.corsair.com/us/en/keyboards"
"kb2-0305","键盘","海盗船","Corsair K65 RGB Mini","缺价","缺图","https://www.corsair.com/us/en/keyboards"
"kb2-0306","键盘","海盗船","Corsair K65 RGB Pro Mini","缺价","缺图","https://www.corsair.com/us/en/keyboards"
"kb2-0307","键盘","海盗船","Corsair K65 Plus Wireless","缺价","缺图","https://www.corsair.com/us/en/keyboards"
"kb2-0308","键盘","海盗船","Corsair K68 RGB","缺价","缺图","https://www.corsair.com/us/en/keyboards"
"kb2-0309","键盘","海盗船","Corsair K70 RGB MK.2","缺价","缺图","https://www.corsair.com/us/en/keyboards"
"kb2-0310","键盘","海盗船","Corsair K70 RGB TKL","缺价","缺图","https://www.corsair.com/us/en/keyboards"
"kb2-0312","键盘","海盗船","Corsair K70 RGB Pro TKL","缺价","缺图","https://www.corsair.com/us/en/keyboards"
"kb2-0313","键盘","海盗船","Corsair K70 RGB Pro TKL Wireless","缺价","缺图","https://www.corsair.com/us/en/keyboards"
"kb2-0314","键盘","海盗船","Corsair K70 MAX","缺价","缺图","https://www.corsair.com/us/en/keyboards"
"kb2-0315","键盘","海盗船","Corsair K70 CORE","缺价","缺图","https://www.corsair.com/us/en/keyboards"
"kb2-0316","键盘","海盗船","Corsair K95 RGB Platinum","缺价","缺图","https://www.corsair.com/us/en/keyboards"
"kb2-0318","键盘","海盗船","Corsair K100 RGB Optical","缺价","缺图","https://www.corsair.com/us/en/keyboards"
"kb2-0320","键盘","海盗船","Corsair K100 AIR Wireless","缺价","缺图","https://www.corsair.com/us/en/keyboards"
"kb2-0321","键盘","海盗船","Corsair K83 Wireless","缺价","缺图","https://www.corsair.com/us/en/keyboards"
"kb2-0322","键盘","Ducky","Ducky One 2 Mini","缺价","缺图","https://www.duckychannel.com.tw/en/product"
"kb2-0323","键盘","Ducky","Ducky One 2 TKL","缺价","缺图","https://www.duckychannel.com.tw/en/product"
"kb2-0324","键盘","Ducky","Ducky One 2 Full Size","缺价","缺图","https://www.duckychannel.com.tw/en/product"
"kb2-0325","键盘","Ducky","Ducky One 2 SF","缺价","缺图","https://www.duckychannel.com.tw/en/product"
"kb2-0326","键盘","Ducky","Ducky One 3 Mini","缺价","缺图","https://www.duckychannel.com.tw/en/product"
"kb2-0327","键盘","Ducky","Ducky One 3 TKL","缺价","缺图","https://www.duckychannel.com.tw/en/product"
"kb2-0328","键盘","Ducky","Ducky One 3 Full Size","缺价","缺图","https://www.duckychannel.com.tw/en/product"
"kb2-0329","键盘","Ducky","Ducky One 3 SF","缺价","缺图","https://www.duckychannel.com.tw/en/product"
"kb2-0330","键盘","Ducky","Ducky One 3 Classic","缺价","缺图","https://www.duckychannel.com.tw/en/product"
"kb2-0331","键盘","Ducky","Ducky One 3 Mini Daybreak","缺价","缺图","https://www.duckychannel.com.tw/en/product"
"kb2-0332","键盘","Ducky","Ducky One 3 Mini Snow","缺价","缺图","https://www.duckychannel.com.tw/en/product"
"kb2-0333","键盘","Ducky","Ducky One 3 TKL Daybreak","缺价","缺图","https://www.duckychannel.com.tw/en/product"
"kb2-0334","键盘","Ducky","Ducky One 3 Matcha","缺价","缺图","https://www.duckychannel.com.tw/en/product"
"kb2-0335","键盘","Ducky","Ducky One 3 Fuji","缺价","缺图","https://www.duckychannel.com.tw/en/product"
"kb2-0336","键盘","Ducky","Ducky One 3 Minato","缺价","缺图","https://www.duckychannel.com.tw/en/product"
"kb2-0337","键盘","Ducky","Ducky One 3 Midnight","缺价","缺图","https://www.duckychannel.com.tw/en/product"
"kb2-0338","键盘","Ducky","Ducky One 3 Mist","缺价","缺图","https://www.duckychannel.com.tw/en/product"
"kb2-0339","键盘","Ducky","Ducky One X","缺价","缺图","https://www.duckychannel.com.tw/en/product"
"kb2-0340","键盘","Ducky","Ducky Mecha Mini","缺价","缺图","https://www.duckychannel.com.tw/en/product"
"kb2-0341","键盘","Ducky","Ducky Mecha Mini SF","缺价","缺图","https://www.duckychannel.com.tw/en/product"
"kb2-0342","键盘","Ducky","Ducky Shine 5","缺价","缺图","https://www.duckychannel.com.tw/en/product"
"kb2-0343","键盘","Ducky","Ducky Shine 6","缺价","缺图","https://www.duckychannel.com.tw/en/product"
"kb2-0344","键盘","Ducky","Ducky Shine 7","缺价","缺图","https://www.duckychannel.com.tw/en/product"
"kb2-0345","键盘","Ducky","Ducky Shine 8","缺价","缺图","https://www.duckychannel.com.tw/en/product"
"kb2-0346","键盘","Ducky","Ducky Zero 6108","缺价","缺图","https://www.duckychannel.com.tw/en/product"
"kb2-0347","键盘","Ducky","Ducky Zero 6112","缺价","缺图","https://www.duckychannel.com.tw/en/product"
"kb2-0348","键盘","Varmilo","Varmilo VA87M","缺价","缺图","https://www.varmilo.com/"
"kb2-0349","键盘","Varmilo","Varmilo VA88M","缺价","缺图","https://www.varmilo.com/"
"kb2-0350","键盘","Varmilo","Varmilo VA108M","缺价","缺图","https://www.varmilo.com/"
"kb2-0351","键盘","Varmilo","Varmilo VA109M","缺价","缺图","https://www.varmilo.com/"
"kb2-0352","键盘","Varmilo","Varmilo VA68M","缺价","缺图","https://www.varmilo.com/"
"kb2-0353","键盘","Varmilo","Varmilo VA69M","缺价","缺图","https://www.varmilo.com/"
"kb2-0354","键盘","Varmilo","Varmilo VA87C","缺价","缺图","https://www.varmilo.com/"
"kb2-0355","键盘","Varmilo","Varmilo VA88C","缺价","缺图","https://www.varmilo.com/"
"kb2-0356","键盘","Varmilo","Varmilo VA108C","缺价","缺图","https://www.varmilo.com/"
"kb2-0357","键盘","Varmilo","Varmilo VAE87","缺价","缺图","https://www.varmilo.com/"
"kb2-0358","键盘","Varmilo","Varmilo VAE108","缺价","缺图","https://www.varmilo.com/"
"kb2-0359","键盘","Varmilo","Varmilo Miya Pro","缺价","缺图","https://www.varmilo.com/"
"kb2-0360","键盘","Varmilo","Varmilo Miya68","缺价","缺图","https://www.varmilo.com/"
"kb2-0361","键盘","Varmilo","Varmilo Sakura","缺价","缺图","https://www.varmilo.com/"
"kb2-0362","键盘","Varmilo","Varmilo Koi","缺价","缺图","https://www.varmilo.com/"
"kb2-0363","键盘","Varmilo","Varmilo Panda","缺价","缺图","https://www.varmilo.com/"
"kb2-0364","键盘","Varmilo","Varmilo Sea Melody","缺价","缺图","https://www.varmilo.com/"
"kb2-0365","键盘","Varmilo","Varmilo Mint","缺价","缺图","https://www.varmilo.com/"
"kb2-0367","键盘","Varmilo","Varmilo 草木灰","缺价","缺图","https://www.varmilo.com/"
"kb2-0368","键盘","Leopold","Leopold FC660C","缺价","缺图","https://www.leopold.jp/"
"kb2-0369","键盘","Leopold","Leopold FC660C PD","缺价","缺图","https://www.leopold.jp/"
"kb2-0371","键盘","Leopold","Leopold FC660M PD","缺价","缺图","https://www.leopold.jp/"
"kb2-0372","键盘","Leopold","Leopold FC660M BT","缺价","缺图","https://www.leopold.jp/"
"kb2-0373","键盘","Leopold","Leopold FC750R","缺价","缺图","https://www.leopold.jp/"
"kb2-0374","键盘","Leopold","Leopold FC750R PD","缺价","缺图","https://www.leopold.jp/"
"kb2-0375","键盘","Leopold","Leopold FC750R BT","缺价","缺图","https://www.leopold.jp/"
"kb2-0376","键盘","Leopold","Leopold FC900R","缺价","缺图","https://www.leopold.jp/"
"kb2-0377","键盘","Leopold","Leopold FC900R PD","缺价","缺图","https://www.leopold.jp/"
"kb2-0379","键盘","Leopold","Leopold FC980M PD","缺价","缺图","https://www.leopold.jp/"
"kb2-0380","键盘","Leopold","Leopold FC980C","缺价","缺图","https://www.leopold.jp/"
"kb2-0381","键盘","Leopold","Leopold FC980C PD","缺价","缺图","https://www.leopold.jp/"
"kb2-0382","键盘","Filco","Filco Majestouch 2","缺价","缺图","https://www.diatec.co.jp/en/"
"kb2-0383","键盘","Filco","Filco Majestouch 2 TKL","缺价","缺图","https://www.diatec.co.jp/en/"
"kb2-0384","键盘","Filco","Filco Majestouch 2 Convertible","缺价","缺图","https://www.diatec.co.jp/en/"
"kb2-0385","键盘","Filco","Filco Majestouch 2 Hakua","缺价","缺图","https://www.diatec.co.jp/en/"
"kb2-0386","键盘","Filco","Filco Majestouch 2 Ninja","缺价","缺图","https://www.diatec.co.jp/en/"
"kb2-0388","键盘","Filco","Filco Majestouch 3 TKL","缺价","缺图","https://www.diatec.co.jp/en/"
"kb2-0389","键盘","Filco","Filco Majestouch 3 Convertible","缺价","缺图","https://www.diatec.co.jp/en/"
"kb2-0390","键盘","Filco","Filco Majestouch 3 Hakua","缺价","缺图","https://www.diatec.co.jp/en/"
"kb2-0391","键盘","Filco","Filco Majestouch XC","缺价","缺图","https://www.diatec.co.jp/en/"
"kb2-0392","键盘","Filco","Filco Majestouch Stingray","缺价","缺图","https://www.diatec.co.jp/en/"
"kb2-0393","键盘","Filco","Filco Majestouch Minila Air","缺价","缺图","https://www.diatec.co.jp/en/"
"kb2-0394","键盘","Filco","Filco Majestouch Minila-R","缺价","缺图","https://www.diatec.co.jp/en/"
"kb2-0396","键盘","Realforce","Realforce R2 TKL","缺价","缺图","https://www.realforce.com/"
"kb2-0397","键盘","Realforce","Realforce R2 PFU Limited","缺价","缺图","https://www.realforce.com/"
"kb2-0398","键盘","Realforce","Realforce R2 SA","缺价","缺图","https://www.realforce.com/"
"kb2-0400","键盘","Realforce","Realforce R3 TKL","缺价","缺图","https://www.realforce.com/"
"kb2-0401","键盘","Realforce","Realforce R3 PFU Limited","缺价","缺图","https://www.realforce.com/"
"kb2-0402","键盘","Realforce","Realforce R3C","缺价","缺图","https://www.realforce.com/"
"kb2-0404","键盘","Realforce","Realforce 87U","缺价","缺图","https://www.realforce.com/"
"kb2-0406","键盘","Realforce","Realforce 108U","缺价","缺图","https://www.realforce.com/"
"kb2-0408","键盘","Realforce","Realforce GX1 TKL","缺价","缺图","https://www.realforce.com/"
"kb2-0409","键盘","HHKB","HHKB Professional 2","缺价","缺图","https://hhkeyboard.us/collections/keyboards"
"kb2-0410","键盘","HHKB","HHKB Professional 2 Type-S","缺价","缺图","https://hhkeyboard.us/collections/keyboards"
"kb2-0411","键盘","HHKB","HHKB Professional 3","缺价","缺图","https://hhkeyboard.us/collections/keyboards"
"kb2-0412","键盘","HHKB","HHKB Professional 3 Type-S","缺价","缺图","https://hhkeyboard.us/collections/keyboards"
"kb2-0417","键盘","Glorious","Glorious GMMK","缺价","缺图","https://www.gloriousgaming.com/collections/keyboards"
"kb2-0418","键盘","Glorious","Glorious GMMK TKL","缺价","缺图","https://www.gloriousgaming.com/collections/keyboards"
"kb2-0419","键盘","Glorious","Glorious GMMK Full Size","缺价","缺图","https://www.gloriousgaming.com/collections/keyboards"
"kb2-0420","键盘","Glorious","Glorious GMMK Pro","缺价","缺图","https://www.gloriousgaming.com/collections/keyboards"
"kb2-0421","键盘","Glorious","Glorious GMMK Pro 75","缺价","缺图","https://www.gloriousgaming.com/collections/keyboards"
"kb2-0422","键盘","Glorious","Glorious GMMK2 65%","缺价","缺图","https://www.gloriousgaming.com/collections/keyboards"
"kb2-0423","键盘","Glorious","Glorious GMMK2 96%","缺价","缺图","https://www.gloriousgaming.com/collections/keyboards"
"kb2-0424","键盘","Glorious","Glorious GMMK 3","缺价","缺图","https://www.gloriousgaming.com/collections/keyboards"
"kb2-0425","键盘","Glorious","Glorious GMMK 3 Pro","缺价","缺图","https://www.gloriousgaming.com/collections/keyboards"
"kb2-0426","键盘","Glorious","Glorious GMMK 3 HE","缺价","缺图","https://www.gloriousgaming.com/collections/keyboards"
"kb2-0427","键盘","Glorious","Glorious GMMK 3 Pro HE","缺价","缺图","https://www.gloriousgaming.com/collections/keyboards"
"kb2-0428","键盘","Glorious","Glorious GMMK 3 Pro Wireless","缺价","缺图","https://www.gloriousgaming.com/collections/keyboards"
"kb2-0429","键盘","Glorious","Glorious GMMK 3 Pro HE Wireless","缺价","缺图","https://www.gloriousgaming.com/collections/keyboards"
"kb2-0430","键盘","Glorious","Glorious GMBK 75","缺价","缺图","https://www.gloriousgaming.com/collections/keyboards"
"kb2-0432","键盘","RK","RK61 Pro","缺价","缺图","https://www.royalkludge.com/"
"kb2-0433","键盘","RK","RK61 Plus","缺价","缺图","https://www.royalkludge.com/"
"kb2-0436","键盘","RK","RK71","缺价","缺图","https://www.royalkludge.com/"
"kb2-0440","键盘","RK","RK84 Pro","缺价","缺图","https://www.royalkludge.com/"
"kb2-0443","键盘","RK","RK96","缺价","缺图","https://www.royalkludge.com/"
"kb2-0445","键盘","RK","RK100","缺价","缺图","https://www.royalkludge.com/"
"kb2-0450","键盘","RK","RK989","缺价","缺图","https://www.royalkludge.com/"
"kb2-0453","键盘","RK","RK M75","缺价","缺图","https://www.royalkludge.com/"
"kb2-0458","键盘","RK","RK R100","缺价","缺图","https://www.royalkludge.com/"
"kb2-0459","键盘","RK","RK H81","缺价","缺图","https://www.royalkludge.com/"
"kb2-0460","键盘","狼途","LANGTU LT61","缺价","缺图","https://search.jd.com/Search?keyword=%E7%8B%BC%E9%80%94%20LANGTU%20LT61"
"kb2-0461","键盘","狼途","LANGTU LT65","缺价","缺图","https://search.jd.com/Search?keyword=%E7%8B%BC%E9%80%94%20LANGTU%20LT65"
"kb2-0462","键盘","狼途","LANGTU LT68","缺价","缺图","https://search.jd.com/Search?keyword=%E7%8B%BC%E9%80%94%20LANGTU%20LT68"
"kb2-0463","键盘","狼途","LANGTU LT75","缺价","缺图","https://search.jd.com/Search?keyword=%E7%8B%BC%E9%80%94%20LANGTU%20LT75"
"kb2-0464","键盘","狼途","LANGTU LT82","缺价","缺图","https://search.jd.com/Search?keyword=%E7%8B%BC%E9%80%94%20LANGTU%20LT82"
"kb2-0465","键盘","狼途","LANGTU LT87","缺价","缺图","https://search.jd.com/Search?keyword=%E7%8B%BC%E9%80%94%20LANGTU%20LT87"
"kb2-0466","键盘","狼途","LANGTU LT98","缺价","缺图","https://search.jd.com/Search?keyword=%E7%8B%BC%E9%80%94%20LANGTU%20LT98"
"kb2-0467","键盘","狼途","LANGTU LT99","缺价","缺图","https://search.jd.com/Search?keyword=%E7%8B%BC%E9%80%94%20LANGTU%20LT99"
"kb2-0468","键盘","狼途","LANGTU LT102","缺价","缺图","https://search.jd.com/Search?keyword=%E7%8B%BC%E9%80%94%20LANGTU%20LT102"
"kb2-0470","键盘","狼途","LANGTU LT108","缺价","缺图","https://search.jd.com/Search?keyword=%E7%8B%BC%E9%80%94%20LANGTU%20LT108"
"kb2-0471","键盘","狼途","LANGTU LT109","缺价","缺图","https://search.jd.com/Search?keyword=%E7%8B%BC%E9%80%94%20LANGTU%20LT109"
"kb2-0473","键盘","狼途","LANGTU LT84 Pro","缺价","缺图","https://search.jd.com/Search?keyword=%E7%8B%BC%E9%80%94%20LANGTU%20LT84%20Pro"
"kb2-0474","键盘","狼途","LANGTU LT87 Pro","缺价","缺图","https://search.jd.com/Search?keyword=%E7%8B%BC%E9%80%94%20LANGTU%20LT87%20Pro"
"kb2-0475","键盘","狼途","LANGTU LT98 Pro","缺价","缺图","https://search.jd.com/Search?keyword=%E7%8B%BC%E9%80%94%20LANGTU%20LT98%20Pro"
"kb2-0476","键盘","狼途","LANGTU LT104 Pro","缺价","缺图","https://search.jd.com/Search?keyword=%E7%8B%BC%E9%80%94%20LANGTU%20LT104%20Pro"
"kb2-0477","键盘","狼途","LANGTU LT108 Pro","缺价","缺图","https://search.jd.com/Search?keyword=%E7%8B%BC%E9%80%94%20LANGTU%20LT108%20Pro"
"kb2-0478","键盘","狼途","LANGTU LT82 Pro","缺价","缺图","https://search.jd.com/Search?keyword=%E7%8B%BC%E9%80%94%20LANGTU%20LT82%20Pro"
"kb2-0479","键盘","MonsGeek","MonsGeek M1","","缺图","https://www.monsgeek.com/"
"kb2-0480","键盘","MonsGeek","MonsGeek M1 V3","缺价","缺图","https://www.monsgeek.com/"
"kb2-0481","键盘","MonsGeek","MonsGeek M1 V5","缺价","缺图","https://www.monsgeek.com/"
"kb2-0483","键盘","MonsGeek","MonsGeek M1 V5 TMR","缺价","缺图","https://www.monsgeek.com/"
"kb2-0484","键盘","MonsGeek","MonsGeek M1W","缺价","缺图","https://www.monsgeek.com/"
"kb2-0486","键盘","MonsGeek","MonsGeek M1W HE","缺价","缺图","https://www.monsgeek.com/"
"kb2-0487","键盘","MonsGeek","MonsGeek M2","","缺图","https://www.monsgeek.com/"
"kb2-0488","键盘","MonsGeek","MonsGeek M2 V5","缺价","缺图","https://www.monsgeek.com/"
"kb2-0489","键盘","MonsGeek","MonsGeek M2 V5 HE","缺价","缺图","https://www.monsgeek.com/"
"kb2-0490","键盘","MonsGeek","MonsGeek M3","缺价","缺图","https://www.monsgeek.com/"
"kb2-0491","键盘","MonsGeek","MonsGeek M3 V3","缺价","缺图","https://www.monsgeek.com/"
"kb2-0492","键盘","MonsGeek","MonsGeek M3 V5 HE","缺价","缺图","https://www.monsgeek.com/"
"kb2-0493","键盘","MonsGeek","MonsGeek M3W","缺价","缺图","https://www.monsgeek.com/"
"kb2-0494","键盘","MonsGeek","MonsGeek M3W V3","缺价","缺图","https://www.monsgeek.com/"
"kb2-0495","键盘","MonsGeek","MonsGeek M5","缺价","缺图","https://www.monsgeek.com/"
"kb2-0496","键盘","MonsGeek","MonsGeek M5W","缺价","缺图","https://www.monsgeek.com/"
"kb2-0498","键盘","MonsGeek","MonsGeek M7","缺价","缺图","https://www.monsgeek.com/"
"kb2-0499","键盘","MonsGeek","MonsGeek M7W","缺价","缺图","https://www.monsgeek.com/"
"kb2-0500","键盘","MonsGeek","MonsGeek MG75S HE","缺价","缺图","https://www.monsgeek.com/"
"kb2-0501","键盘","MonsGeek","MonsGeek MG75W","缺价","缺图","https://www.monsgeek.com/"
"kb2-0504","键盘","MonsGeek","MonsGeek MG108W","缺价","缺图","https://www.monsgeek.com/"
"kb2-0505","键盘","MonsGeek","MonsGeek ICE75","缺价","缺图","https://www.monsgeek.com/"
"kb2-0507","键盘","MonsGeek","MonsGeek Fun60 Pro Max","缺价","缺图","https://www.monsgeek.com/"
"kb2-0508","键盘","MonsGeek","MonsGeek Fun60 Ultra","缺价","缺图","https://www.monsgeek.com/"
"kb2-0509","键盘","MonsGeek","MonsGeek Fun60 Max","缺价","缺图","https://www.monsgeek.com/"
"kb2-0510","键盘","MonsGeek","MonsGeek Fun68 HE","缺价","缺图","https://www.monsgeek.com/"
"kb2-0512","键盘","MonsGeek","Veekos Shine60 HE","缺价","缺图","https://www.monsgeek.com/"
"kb2-0513","键盘","MonsGeek","Verve68 HE","缺价","缺图","https://www.monsgeek.com/"
"kb2-0514","键盘","HyperX","HyperX Alloy Origins","缺价","缺图","https://www.hyperxgaming.com/us/en/keyboards"
"kb2-0515","键盘","HyperX","HyperX Alloy Origins Core","缺价","缺图","https://www.hyperxgaming.com/us/en/keyboards"
"kb2-0516","键盘","HyperX","HyperX Alloy Origins 60","缺价","缺图","https://www.hyperxgaming.com/us/en/keyboards"
"kb2-0517","键盘","HyperX","HyperX Alloy Elite 2","缺价","缺图","https://www.hyperxgaming.com/us/en/keyboards"
"kb2-0519","键盘","HyperX","HyperX Alloy Rise 65","缺价","缺图","https://www.hyperxgaming.com/us/en/keyboards"
"kb2-0520","键盘","ROG","ROG Falchion","缺价","缺图","https://rog.asus.com/mice-keyboards/keyboards/"
"kb2-0523","键盘","ROG","ROG Strix Scope","缺价","缺图","https://rog.asus.com/mice-keyboards/keyboards/"
"kb2-0524","键盘","ROG","ROG Strix Scope TKL","缺价","缺图","https://rog.asus.com/mice-keyboards/keyboards/"
"kb2-0526","键盘","ROG","ROG Strix Flare","缺价","缺图","https://rog.asus.com/mice-keyboards/keyboards/"
"kb2-0527","键盘","ROG","ROG Strix Flare II","缺价","缺图","https://rog.asus.com/mice-keyboards/keyboards/"
"kb2-0528","键盘","ROG","ROG Strix Flare II Animate","缺价","缺图","https://rog.asus.com/mice-keyboards/keyboards/"
"kb2-0530","键盘","ROG","ROG Claymore RX","缺价","缺图","https://rog.asus.com/mice-keyboards/keyboards/"
"kb2-0531","键盘","CHERRY","CHERRY MX 1.0 TKL","缺价","缺图","https://www.cherrymx.de/en/"
"kb2-0533","键盘","CHERRY","CHERRY MX 2.0S","缺价","缺图","https://www.cherrymx.de/en/"
"kb2-0536","键盘","CHERRY","CHERRY MX 8.1 TKL","缺价","","https://www.cherrymx.de/en/"
"kb2-0537","键盘","CHERRY","CHERRY MX 10.0N","缺价","","https://www.cherrymx.de/en/"
"kb2-0538","键盘","CHERRY","CHERRY MX 10.1N","缺价","","https://www.cherrymx.de/en/"
"kb2-0539","键盘","CHERRY","CHERRY MX Board 3.0S","缺价","缺图","https://www.cherrymx.de/en/"
"kb2-0540","键盘","CHERRY","CHERRY KC 200 MX","缺价","","https://www.cherrymx.de/en/"
"kb2-0541","键盘","CHERRY","CHERRY G80-3000N TKL","缺价","","https://www.cherrymx.de/en/"
"kb2-0542","键盘","CHERRY","CHERRY Stream Keyboard","缺价","","https://www.cherrymx.de/en/"
"kb2-0543","键盘","Turtle Beach","Turtle Beach Vulcan II","缺价","缺图","https://www.turtlebeach.com/pages/gaming-keyboards"
"kb2-0544","键盘","Turtle Beach","Turtle Beach Vulcan II TKL","缺价","缺图","https://www.turtlebeach.com/pages/gaming-keyboards"
"kb2-0545","键盘","Turtle Beach","Turtle Beach Vulcan II Max","缺价","缺图","https://www.turtlebeach.com/pages/gaming-keyboards"
"kb2-0546","键盘","Turtle Beach","Turtle Beach Vulcan II Pro","缺价","缺图","https://www.turtlebeach.com/pages/gaming-keyboards"
"kb2-0547","键盘","珂芝","KZZI K68","缺价","缺图","https://search.jd.com/Search?keyword=%E7%8F%82%E8%8A%9D%20KZZI%20K68"
"kb2-0548","键盘","珂芝","KZZI K75 Pro","缺价","缺图","https://search.jd.com/Search?keyword=%E7%8F%82%E8%8A%9D%20KZZI%20K75%20Pro"
"kb2-0552","键盘","珂芝","KZZI Z99","缺价","缺图","https://search.jd.com/Search?keyword=%E7%8F%82%E8%8A%9D%20KZZI%20Z99"
"kb2-0553","键盘","珂芝","KZZI A75","缺价","缺图","https://search.jd.com/Search?keyword=%E7%8F%82%E8%8A%9D%20KZZI%20A75"
"kb2-0554","键盘","珂芝","KZZI F75","缺价","缺图","https://search.jd.com/Search?keyword=%E7%8F%82%E8%8A%9D%20KZZI%20F75"
"kb2-0555","键盘","黑爵","AJAZZ AK68","缺价","缺图","https://search.jd.com/Search?keyword=%E9%BB%91%E7%88%B5%20AJAZZ%20AK68"
"kb2-0556","键盘","黑爵","AJAZZ AK75","缺价","缺图","https://search.jd.com/Search?keyword=%E9%BB%91%E7%88%B5%20AJAZZ%20AK75"
"kb2-0557","键盘","黑爵","AJAZZ AK87","缺价","缺图","https://search.jd.com/Search?keyword=%E9%BB%91%E7%88%B5%20AJAZZ%20AK87"
"kb2-0558","键盘","黑爵","AJAZZ AK102","缺价","缺图","https://search.jd.com/Search?keyword=%E9%BB%91%E7%88%B5%20AJAZZ%20AK102"
"kb2-0562","键盘","达尔优","Dareu A75","缺价","缺图","https://search.jd.com/Search?keyword=%E8%BE%BE%E5%B0%94%E4%BC%98%20Dareu%20A75"
"kb2-0566","键盘","达尔优","Dareu A84","缺价","缺图","https://search.jd.com/Search?keyword=%E8%BE%BE%E5%B0%94%E4%BC%98%20Dareu%20A84"
"kb2-0567","键盘","达尔优","Dareu A104","缺价","缺图","https://search.jd.com/Search?keyword=%E8%BE%BE%E5%B0%94%E4%BC%98%20Dareu%20A104"
"kb2-0569","键盘","达尔优","Dareu EK87","缺价","缺图","https://search.jd.com/Search?keyword=%E8%BE%BE%E5%B0%94%E4%BC%98%20Dareu%20EK87"
"kb2-0570","键盘","达尔优","Dareu EK98","缺价","缺图","https://search.jd.com/Search?keyword=%E8%BE%BE%E5%B0%94%E4%BC%98%20Dareu%20EK98"
"kb2-0571","键盘","达尔优","Dareu K100","缺价","缺图","https://search.jd.com/Search?keyword=%E8%BE%BE%E5%B0%94%E4%BC%98%20Dareu%20K100"
"kb2-0574","键盘","IQUNIX","IQUNIX A80","缺价","缺图","https://www.iqunix.com/"
"kb2-0575","键盘","IQUNIX","IQUNIX L80","缺价","缺图","https://www.iqunix.com/"
"kb2-0577","键盘","IQUNIX","IQUNIX ZX68","缺价","缺图","https://www.iqunix.com/"
"kb2-0579","键盘","IQUNIX","IQUNIX ZX75 Lite","缺价","缺图","https://www.iqunix.com/"
"kb2-0580","键盘","IQUNIX","IQUNIX F65","缺价","缺图","https://www.iqunix.com/"
"kb2-0581","键盘","御斧","YUNZII AL66","缺价","缺图","https://www.yunzii.com/"
"kb2-0582","键盘","御斧","YUNZII AL75","缺价","缺图","https://www.yunzii.com/"
"kb2-0583","键盘","御斧","YUNZII AL87","缺价","缺图","https://www.yunzii.com/"
"kb2-0584","键盘","御斧","YUNZII AL98","缺价","缺图","https://www.yunzii.com/"
"kb2-0585","键盘","御斧","YUNZII YZ75","缺价","缺图","https://www.yunzii.com/"
"kb2-0586","键盘","御斧","YUNZII YZ87","缺价","缺图","https://www.yunzii.com/"
"kb2-0587","键盘","御斧","YUNZII YZ98","缺价","缺图","https://www.yunzii.com/"
"kb2-0588","键盘","御斧","YUNZII YZ108","缺价","缺图","https://www.yunzii.com/"
"kb2-0589","键盘","Epomaker","Epomaker TH65","缺价","缺图","https://epomaker.com/collections/keyboards"
"kb2-0590","键盘","Epomaker","Epomaker EA75 Max","缺价","缺图","https://epomaker.com/collections/keyboards"
"kb2-0593","键盘","Epomaker","Epomaker F75 Wired","缺价","缺图","https://epomaker.com/collections/keyboards"
"kb2-0594","键盘","Epomaker","Epomaker F108 Pro V2","缺价","缺图","https://epomaker.com/collections/keyboards"
"kb2-0596","键盘","Epomaker","Epomaker F108","缺价","缺图","https://epomaker.com/collections/keyboards"
"kb2-0598","键盘","Epomaker","Epomaker HE75 V2","缺价","缺图","https://epomaker.com/collections/keyboards"
"kb2-0611","键盘","Epomaker","Epomaker TH108 Pro","缺价","缺图","https://epomaker.com/collections/keyboards"
"kb2-0615","键盘","Epomaker","Epomaker LUMA40","缺价","缺图","https://epomaker.com/collections/keyboards"
"kb2-0621","键盘","Epomaker","Epomaker TH99","缺价","缺图","https://epomaker.com/collections/keyboards"
"kb2-0622","键盘","Epomaker","Epomaker HE80","缺价","缺图","https://epomaker.com/collections/keyboards"
"kb2-0630","键盘","Epomaker","Epomaker Galaxy100 QMK/VIA","缺价","缺图","https://epomaker.com/collections/keyboards"
"kb2-0631","键盘","Epomaker","Epomaker Galaxy70","缺价","缺图","https://epomaker.com/collections/keyboards"
"kb2-0635","键盘","ATK","ATK RS63 Air Esports Hall Effect Keyboard","缺价","缺图","https://atk.store/"
"kb2-0636","键盘","ATK","ATK RS6+ Aluminum Magnetic Switch Keyboard","缺价","缺图","https://atk.store/"
"kb2-0637","键盘","ATK","ATK Yogo 75 Series Low-Profile Mechanical Keyboard","缺价","缺图","https://atk.store/"
"kb2-0638","键盘","ATK","ATK RS7 Air Esports Hall Effect Keyboard","缺价","缺图","https://atk.store/"
"kb2-0639","键盘","ATK","ATK RS7 Turbo Semi-Aluminum Esports Hall Effect Keyboard","缺价","缺图","https://atk.store/"
"kb2-0640","键盘","ATK","ATK RS6 Air Esports Hall Effect Keyboard","缺价","缺图","https://atk.store/"
"kb2-0641","键盘","ATK","ATK A98 Pro Wireless Mechanical Gaming Keyboard","缺价","缺图","https://atk.store/"
"kb2-0642","键盘","ATK","ATK RS7 V2 Aluminum Hall Effect Keyboard","缺价","缺图","https://atk.store/"
"kb2-0643","键盘","ATK","ATK QK Hex80 TKL Magnetic Switch Keyboard","缺价","缺图","https://atk.store/"
"kb2-0644","键盘","ATK","ATK 68 V3 eSports Hall Effect Keyboard","缺价","缺图","https://atk.store/"
"kb2-0645","键盘","ATK","ATK EDGE 75 HE Esports Magnetic Keyboard","缺价","缺图","https://atk.store/"
"kb2-0646","键盘","ATK","ATK A87 Wireless Mechanical Gaming TKL Keyboard","缺价","缺图","https://atk.store/"
"kb2-0647","键盘","ATK","ATK EDGE 63 HE Esports Magnetic Keyboard","缺价","缺图","https://atk.store/"
"kb2-0648","键盘","ATK","ATK Aspas RS6 Ultra Aluminum Hall Effect Keyboard","缺价","缺图","https://atk.store/"
"kb2-0649","键盘","ATK","ATK VXE V75 PRO Wireless Semi-Aluminum Mechanical Gaming Keyboard","缺价","缺图","https://atk.store/"
"kb2-0650","键盘","ATK","ATK 75 Magnetic Switch Gaming Keyboard","缺价","缺图","https://atk.store/"
"kb2-0651","键盘","ATK","ATK 68 Magnetic Switch Gaming Keyboard","缺价","缺图","https://atk.store/"
"kb2-0652","键盘","ATK","ATK RS6 Aluminum Hall Effect Keyboard","缺价","缺图","https://atk.store/"
"kb2-0653","键盘","ATK","ATK V100 Wireless Semi-Aluminum Mechanical Keyboard","缺价","缺图","https://atk.store/"
"kb2-0654","键盘","ATK","ATK Z87 Wireless Semi-Aluminum Mechanical Gaming Keyboard","缺价","缺图","https://atk.store/"
"kb2-0655","键盘","ATK","ATK 68 V2 eSports Hall Effect Keyboard","缺价","缺图","https://atk.store/"
"kb2-0656","键盘","ATK","ATK EDGE 60 HE Esports Magnetic Keyboard","缺价","缺图","https://atk.store/"
"kb2-0657","键盘","ATK","ATK VXE V75X/K Wireless Semi-Aluminum Mechanical Gaming Keyboard","缺价","缺图","https://atk.store/"
"kb2-0658","键盘","迈从","MCHOSE K99 V3 Wireless Mechanical Keyboard","缺价","缺图","https://www.mchose.store/"
"kb2-0659","键盘","迈从","MCHOSE Ace 68 GT Full-aluminum Esports Hall Effect Keyboard","缺价","缺图","https://www.mchose.store/"
"kb2-0660","键盘","迈从","MCHOSE Ace 68 Turbo Full-aluminum Esports Hall Effect Keyboard","缺价","缺图","https://www.mchose.store/"
"kb2-0661","键盘","迈从","MCHOSE UT98 Mechanical Keyboard","缺价","缺图","https://www.mchose.store/"
"kb2-0662","键盘","迈从","MCHOSE Mix 87 Hall Effect Magnetic Switch Gaming Keyboard","缺价","缺图","https://www.mchose.store/"
"kb2-0663","键盘","迈从","MCHOSE Ace 68 Air Hall Effect Magnetic Switch Gaming Keyboard","缺价","缺图","https://www.mchose.store/"
"kb2-0664","键盘","迈从","MCHOSE Jet 75 Hall Effect Magnetic Switch Gaming Keyboard","缺价","缺图","https://www.mchose.store/"
"kb2-0665","键盘","迈从","MCHOSE Ace 68 Hall Effect Magnetic Switch Gaming Keyboard","缺价","缺图","https://www.mchose.store/"
"kb2-0666","键盘","迈从","MCHOSE Ace 60 Pro Hall Effect Magnetic Switch Gaming Keyboard","缺价","缺图","https://www.mchose.store/"
"kb2-0667","键盘","迈从","MCHOSE GX87 Aluminum Custom Mechanical Keyboard","缺价","缺图","https://www.mchose.store/"
"kb2-0668","键盘","迈从","MCHOSE G98 Pro Wireless Tri-Mode Custom Mechanical Gaming Keyboard","缺价","缺图","https://www.mchose.store/"
"kb2-0669","键盘","迈从","MCHOSE G75 Pro Tri-mode Gasket Structure Gaming Mechanical Keyboard","缺价","缺图","https://www.mchose.store/"
"kb2-0670","键盘","迈从","MCHOSE K99 Wireless Gasket Mount Mechanical Keyboard","缺价","缺图","https://www.mchose.store/"
"kb2-0671","键盘","VGN","VGN V98 Pro V3 Wireless Mechanical Keyboard","缺价","缺图","https://vgnlab.com/"
"kb2-0672","键盘","VGN","VGN V87 V2 Wireless Mechanical Gaming Keyboard","缺价","缺图","https://vgnlab.com/"
"kb2-0673","键盘","VGN","VGN V108 Wireless Mechanical Gaming Keyboard","缺价","缺图","https://vgnlab.com/"
"kb2-0674","键盘","VGN","VGN V98 Pro V4 Wireless Mechanical Keyboard","缺价","缺图","https://vgnlab.com/"
"kb2-0675","键盘","VGN","VGN Neon75HE Air Wireless Magnetic Switch Keyboard","缺价","缺图","https://vgnlab.com/"
"kb2-0676","键盘","VGN","VGN FLASH 68HE Aluminum Magnetic Switch Keyboard","缺价","缺图","https://vgnlab.com/"
"kb2-0677","键盘","VGN","VGN N75 V2 Wireless RGB Mechanical Keyboard","缺价","缺图","https://vgnlab.com/"
"kb2-0678","键盘","VGN","VGN Neon 68HE Super Competitive Magnetic Switch Keyboard","缺价","缺图","https://vgnlab.com/"
"kb2-0679","键盘","VGN","VGN FLASH 75HE Aluminum Magnetic Switch Keyboard","缺价","缺图","https://vgnlab.com/"
"kb2-0680","键盘","VGN","VGN Neon Super Competitive Edition Wireless Magnetic Switch Keyboard","缺价","缺图","https://vgnlab.com/"
"kb2-0681","键盘","VGN","VGN V98 Pro V2 Wireless Mechanical Keyboard","缺价","缺图","https://vgnlab.com/"
"kb2-0682","键盘","VGN","VGN A75 eSports Hall Effect Gasket-Mount Keyboard","缺价","缺图","https://vgnlab.com/"
"kb2-0683","键盘","VGN","VGN S87 Wireless Mechanical Gaming Keyboard","缺价","缺图","https://vgnlab.com/"
"kb2-0684","键盘","VGN","VGN S99 Wireless Mechanical Keyboard","缺价","缺图","https://vgnlab.com/"
"kb2-0685","键盘","VGN","VGN N75 Pro Wireless RGB Mechanical Keyboard","缺价","缺图","https://vgnlab.com/"
"kb2-0686","键盘","VGN","VGN N75 Wired Mechanical Keyboard","缺价","缺图","https://vgnlab.com/"
"kb2-0687","键盘","Redragon","Redragon K725SP-RGB-PRO Mechanical Keyboard","缺价","缺图","https://redragon.com/"
"kb2-0688","键盘","Redragon","Redragon K615-R Elise Mechanical Gaming Keyboard","缺价","缺图","https://redragon.com/"
"kb2-0689","键盘","Redragon","Redragon K552P-KR RGB TKL Mechanical Gaming Keyboard","缺价","缺图","https://redragon.com/"
"kb2-0690","键盘","Redragon","Redragon K725-RGB-PRO Mechanical Keyboard","缺价","缺图","https://redragon.com/"
"kb2-0691","键盘","Redragon","Redragon K734WCG-RGB-PRO TKL Mechanical Keyboard","缺价","缺图","https://redragon.com/"
"kb2-0692","键盘","Redragon","Redragon K738-RGB-PRO TKL Mechanical Keyboard","缺价","缺图","https://redragon.com/"
"kb2-0693","键盘","Redragon","Redragon K688GB-RGB-PRO Mechanical Keyboard","缺价","缺图","https://redragon.com/"
"kb2-0694","键盘","Redragon","Redragon BK-7367 Wireless Membrane Gaming Keyboard","缺价","缺图","https://redragon.com/"
"kb2-0695","键盘","Redragon","Redragon BK-7366 Wired Membrane Gaming Keyboard","缺价","缺图","https://redragon.com/"
"kb2-0696","键盘","Redragon","Redragon K521-R 104-Key Wired Membrane Gaming Keyboard","缺价","缺图","https://redragon.com/"
"kb2-0697","键盘","Redragon","Redragon K552WLR-R TKL Mechanical Gaming Keyboard","缺价","缺图","https://redragon.com/"
"kb2-0698","键盘","Redragon","Redragon K713-RGB-PRO TKL Mechanical Keyboard","缺价","缺图","https://redragon.com/"
"kb2-0699","键盘","Redragon","Redragon K565-RGB 104-Key Mechanical Gaming Keyboard","缺价","缺图","https://redragon.com/"
"kb2-0700","键盘","Redragon","Redragon K671 104-Key Mechanical Gaming Keyboard","缺价","缺图","https://redragon.com/"
"kb2-0701","键盘","Redragon","Redragon K732SP-RGB-PRO TKL Mechanical Keyboard","缺价","缺图","https://redragon.com/"
"kb2-0702","键盘","Redragon","Redragon K708WLG-RGB-PRO TKL Mechanical Keyboard","缺价","缺图","https://redragon.com/"
"kb2-0703","键盘","Redragon","Redragon K625P-KB Yi Backlight Mechanical Keyboard","缺价","缺图","https://redragon.com/"
"kb2-0704","键盘","Redragon","Redragon K598P-KBS TKL Mechanical Gaming Keyboard","缺价","缺图","https://redragon.com/"
"kb2-0705","键盘","Redragon","Redragon K633RGB-PRO Ryze Pro Gaming Keyboard","缺价","缺图","https://redragon.com/"
"kb2-0706","键盘","Redragon","Redragon K683-WB 61-Key Mechanical Gaming Keyboard","缺价","缺图","https://redragon.com/"
"kb2-0707","键盘","Redragon","Redragon K517RGB-PRO Quiet Tri-mode Gaming Keyboard","缺价","缺图","https://redragon.com/"
"kb2-0708","键盘","Redragon","Redragon K721WRB-RGB TKL Mechanical Keyboard","缺价","缺图","https://redragon.com/"
"kb2-0709","键盘","Redragon","Redragon K681-RGB-PRO TKL Mechanical Keyboard","缺价","缺图","https://redragon.com/"
"kb2-0710","键盘","Redragon","Redragon K708-RGB-PRO TKL Gasket Mechanical Keyboard","缺价","缺图","https://redragon.com/"
"kb2-0711","键盘","Redragon","Redragon K636GLR-R 94-Key Backlight Mechanical Keyboard","缺价","缺图","https://redragon.com/"
"kb2-0712","键盘","Redragon","Redragon K629-RGB 84-Key TKL Mechanical Gaming Keyboard","缺价","缺图","https://redragon.com/"
"kb2-0713","键盘","Redragon","Redragon K629-RGB 75% TKL Mechanical Gaming Keyboard","缺价","缺图","https://redragon.com/"
"kb2-0714","键盘","Redragon","Redragon K633CGO-RGB 68-Key Mechanical Gaming Keyboard","缺价","缺图","https://redragon.com/"
"kb2-0715","键盘","Redragon","Redragon K618 HE Wired Low-Profile Rapid Trigger Magnetic Keyboard","缺价","缺图","https://redragon.com/"
"kb2-0716","键盘","Redragon","Redragon K617 HE 60% Hall Effect Gaming Keyboard","缺价","缺图","https://redragon.com/"
"kb2-0717","键盘","Redragon","Redragon K668 TRUNDLE Wireless Mechanical Keyboard","缺价","缺图","https://redragon.com/"
"kb2-0718","键盘","AULA","AULA F75 Wired","缺价","缺图","https://search.jd.com/Search?keyword=AULA%20AULA%20F75%20Wired"
"kb2-0720","键盘","AULA","AULA F75 Ultra","缺价","缺图","https://search.jd.com/Search?keyword=AULA%20AULA%20F75%20Ultra"
"kb2-0725","键盘","AULA","AULA F108 Pro V2","缺价","缺图","https://search.jd.com/Search?keyword=AULA%20AULA%20F108%20Pro%20V2"
"kb2-0727","键盘","AULA","AULA EA75 Max","缺价","缺图","https://search.jd.com/Search?keyword=AULA%20AULA%20EA75%20Max"
"mp-003","鼠标垫","VAXEE","VAXEE PD","","缺图","https://www.fireopen.cn/"
"mp-006","鼠标垫","ATK/达摩鲨等","国产平替 类Otsu","","缺图","https://search.bilibili.com/all?keyword=FPS%E5%A4%96%E8%AE%BE%20%E6%8E%A8%E8%8D%90"
"mp-017","鼠标垫","VAXEE","VAXEE PB","","缺图","https://www.vaxee.cn/"
"mp-018","鼠标垫","VAXEE","VAXEE PC","","缺图","https://www.vaxee.cn/"
"mp-020","鼠标垫","Pulsar","Pulsar Superglide 3","","缺图","https://www.pulsar.gg/products/superglide3-glass-mousepad-l-size"
"mp-023","鼠标垫","Wallhack","Wallhack SP-004A","","缺图","https://wallhack.com/products/sp-004a-black"
"mp-036","鼠标垫","Xraypad","Xraypad Obsidian Pro","","缺图","https://www.xraypad.com/products/obsidian-pro"
"mp-037","鼠标垫","Glorious","Glorious GMP 2 Edgeless Cloth","","缺图","https://www.gloriousgaming.com/products/gmp-2-edgeless-cloth-gaming-mouse-pad"
"mp-040","鼠标垫","HyperX","HyperX FURY S Pro","","缺图","https://www.hyperxgaming.com/us/mousepads"
"mp-042","鼠标垫","Vancer","Vancer Ice","","缺图","https://search.bilibili.com/all?keyword=Vancer%20Ice%20%E7%8E%BB%E7%92%83%E9%BC%A0%E6%A0%87%E5%9E%AB"
"mp2-0001","鼠标垫","Artisan","ARTISAN FX HIEN","缺价","","https://www.artisan-jp.com/global/products/ninja-fx/fx-hien"
"mp2-0002","鼠标垫","Artisan","ARTISAN FX ZERO","缺价","","https://www.artisan-jp.com/global/products/ninja-fx/fx-zero"
"mp2-0003","鼠标垫","Artisan","ARTISAN FX ZERO TenZ Red","缺价","","https://www.artisan-jp.com/global/products/ninja-fx/ninja-fx-zero-tenz-red"
"mp2-0004","鼠标垫","Artisan","ARTISAN FX HAYATE-OTSU V2","缺价","","https://www.artisan-jp.com/global/products/ninja-fx/fx-hayate-otsu-v2"
"mp2-0005","鼠标垫","Artisan","ARTISAN FX HAYATE-OTSU","缺价","","https://www.artisan-jp.com/global/products/ninja-fx/fx-hayate-otsu"
"mp2-0006","鼠标垫","Artisan","ARTISAN FX HAYATE-KOU","缺价","","https://www.artisan-jp.com/global/products/ninja-fx/fx-hayate-kou"
"mp2-0007","鼠标垫","Artisan","ARTISAN FX SHIDENKAI V2","缺价","","https://www.artisan-jp.com/global/products/ninja-fx/fx-shidenkai-v2"
"mp2-0008","鼠标垫","Artisan","ARTISAN FX RAIDEN","缺价","","https://www.artisan-jp.com/global/products/ninja-fx/fx-raiden"
"mp2-0009","鼠标垫","Artisan","ARTISAN FX TYPE-99","缺价","","https://www.artisan-jp.com/global/products/ninja-fx/fx-type99"
"mp2-0010","鼠标垫","Artisan","ARTISAN FX KEY-83","缺价","","https://www.artisan-jp.com/global/products/ninja-fx/fx-key83"
"mp2-0012","鼠标垫","ZOWIE","ZOWIE G-SR II","缺价","缺图","https://zowie.benq.com/en-us/mouse-pad.html"
"mp2-0013","鼠标垫","ZOWIE","ZOWIE G-SR-SE Orange","缺价","缺图","https://zowie.benq.com/en-us/mouse-pad.html"
"mp2-0014","鼠标垫","ZOWIE","ZOWIE G-SR-SE Blue II","缺价","缺图","https://zowie.benq.com/en-us/mouse-pad.html"
"mp2-0015","鼠标垫","ZOWIE","ZOWIE G-SR-SE Rouge II","缺价","缺图","https://zowie.benq.com/en-us/mouse-pad.html"
"mp2-0016","鼠标垫","ZOWIE","ZOWIE G-SR-SE Bi II","缺价","缺图","https://zowie.benq.com/en-us/mouse-pad.html"
"mp2-0017","鼠标垫","ZOWIE","ZOWIE G-TF X","缺价","缺图","https://zowie.benq.com/en-us/mouse-pad.html"
"mp2-0018","鼠标垫","VAXEE","VAXEE PA P22","缺价","缺图","https://vaxee.cn/product?zoneActive=1"
"mp2-0019","鼠标垫","VAXEE","VAXEE PA O22 ID定制版","缺价","缺图","https://vaxee.cn/product?zoneActive=1"
"mp2-0020","鼠标垫","VAXEE","VAXEE PA Summer26","缺价","缺图","https://vaxee.cn/product?zoneActive=1"
"mp2-0021","鼠标垫","VAXEE","VAXEE PA INSANE","缺价","缺图","https://vaxee.cn/product?zoneActive=1"
"mp2-0022","鼠标垫","VAXEE","VAXEE PD+","缺价","缺图","https://vaxee.cn/product?zoneActive=1"
"mp2-0023","鼠标垫","Lethal Gaming Gear","Lethal Gaming Gear Saturn","缺价","缺图","https://www.lethalgaminggear.com/collections/mousepads"
"mp2-0024","鼠标垫","Lethal Gaming Gear","Lethal Gaming Gear Saturn Pro","缺价","缺图","https://www.lethalgaminggear.com/collections/mousepads"
"mp2-0025","鼠标垫","Lethal Gaming Gear","Lethal Gaming Gear Venus","缺价","缺图","https://www.lethalgaminggear.com/collections/mousepads"
"mp2-0026","鼠标垫","Lethal Gaming Gear","Lethal Gaming Gear Venus Pro","缺价","缺图","https://www.lethalgaminggear.com/collections/mousepads"
"mp2-0027","鼠标垫","Lethal Gaming Gear","Lethal Gaming Gear Jupiter","缺价","缺图","https://www.lethalgaminggear.com/collections/mousepads"
"mp2-0028","鼠标垫","Lethal Gaming Gear","Lethal Gaming Gear Jupiter Pro","缺价","缺图","https://www.lethalgaminggear.com/collections/mousepads"
"mp2-0029","鼠标垫","Lethal Gaming Gear","Lethal Gaming Gear Neptune","缺价","缺图","https://www.lethalgaminggear.com/collections/mousepads"
"mp2-0030","鼠标垫","Lethal Gaming Gear","Lethal Gaming Gear Neptune Pro","缺价","缺图","https://www.lethalgaminggear.com/collections/mousepads"
"mp2-0031","鼠标垫","Lethal Gaming Gear","Lethal Gaming Gear Mercury","缺价","缺图","https://www.lethalgaminggear.com/collections/mousepads"
"mp2-0032","鼠标垫","Lethal Gaming Gear","Lethal Gaming Gear Mercury Pro","缺价","缺图","https://www.lethalgaminggear.com/collections/mousepads"
"mp2-0033","鼠标垫","Lethal Gaming Gear","MIU Glass Mousepad","缺价","","https://www.lethalgaminggear.com/products/miu-glass-mousepad"
"mp2-0034","鼠标垫","Lethal Gaming Gear","[PRE-ORDER] Wind - Glass Gaming Mousepad","缺价","","https://www.lethalgaminggear.com/products/pre-order-wind-glass-gaming-mousepad"
"mp2-0035","鼠标垫","Glorious","Glorious GMP 2 Stitched Cloth Gaming Mouse Pad","缺价","缺图","https://www.gloriousgaming.com/collections/mousepads"
"mp2-0036","鼠标垫","Glorious","Glorious GMP 2 Edgeless Cloth Gaming Mouse Pad","缺价","缺图","https://www.gloriousgaming.com/collections/mousepads"
"mp2-0037","鼠标垫","Glorious","Glorious GMP 2 GLED RGB Gaming Mouse Pad","缺价","缺图","https://www.gloriousgaming.com/collections/mousepads"
"mp2-0038","鼠标垫","Glorious","Glorious Rain Forest GMP 2 Cloth Gaming Mouse Pad","缺价","缺图","https://www.gloriousgaming.com/collections/mousepads"
"mp2-0039","鼠标垫","Glorious","Glorious Elements Air Mouse Pad","缺价","缺图","https://www.gloriousgaming.com/collections/mousepads"
"mp2-0040","鼠标垫","Glorious","Glorious Elements Fire Mouse Pad","缺价","缺图","https://www.gloriousgaming.com/collections/mousepads"
"mp2-0041","鼠标垫","Glorious","Glorious Elements Ice Mouse Pad","缺价","缺图","https://www.gloriousgaming.com/collections/mousepads"
"mp2-0042","鼠标垫","Glorious","Glorious Elements Water Mouse Pad","缺价","缺图","https://www.gloriousgaming.com/collections/mousepads"
"mp2-0043","鼠标垫","Glorious","Glorious Helios Mouse Pad","缺价","缺图","https://www.gloriousgaming.com/collections/mousepads"
"mp2-0044","鼠标垫","Glorious","Glorious Stealth Mouse Pad","缺价","缺图","https://www.gloriousgaming.com/collections/mousepads"
"mp2-0045","鼠标垫","Pulsar","Pulsar ParaControl V2 Mouse Pad","缺价","","https://pulsar.gg/products/paracontrol-v2-mouse-pad-xl-medium-speed"
"mp2-0046","鼠标垫","Pulsar","Pulsar Superglide Glass Mousepad","缺价","","https://pulsar.gg/products/superglide-mousepad"
"mp2-0047","鼠标垫","Pulsar","Pulsar Superglide3 Glass Mousepad - Type S","缺价","","https://pulsar.gg/products/superglide3-glass-mousepad-l-size"
"mp2-0048","鼠标垫","Pulsar","Pulsar eS Saturn Pro Gaming Mousepad - XSOFT","缺价","","https://pulsar.gg/products/es-saturn-pro-gaming-mousepad-xsoft"
"mp2-0049","鼠标垫","Pulsar","Pulsar eS Saturn Pro Gaming Mousepad - SOFT","缺价","","https://pulsar.gg/products/es-saturn-pro-gaming-mousepad-soft"
"mp2-0050","鼠标垫","Pulsar","Pulsar eS Saturn Pro Gaming Mousepad - FIRM","缺价","","https://pulsar.gg/products/es-saturn-pro-gaming-mousepad-firm"
"mp2-0051","鼠标垫","Pulsar","Pulsar eS Jupiter Pro Gaming Mousepad - XSOFT","缺价","","https://pulsar.gg/products/es-jupiter-pro-gaming-mousepad-xsoft"
"mp2-0052","鼠标垫","Pulsar","Pulsar eS Jupiter Pro Gaming Mousepad - SOFT","缺价","","https://pulsar.gg/products/es-jupiter-pro-gaming-mousepad-soft"
"mp2-0053","鼠标垫","Pulsar","Pulsar eS Jupiter Pro Gaming Mousepad - FIRM","缺价","","https://pulsar.gg/products/es-jupiter-pro-gaming-mousepad-firm"
"mp2-0054","鼠标垫","Pulsar","Pulsar eS Neptune Pro Gaming Mousepad - XSOFT","缺价","","https://pulsar.gg/products/es-neptune-pro-gaming-mousepad-xsoft"
"mp2-0055","鼠标垫","Pulsar","Pulsar eS Neptune Pro Gaming Mousepad - SOFT","缺价","","https://pulsar.gg/products/es-neptune-pro-gaming-mousepad-soft"
"mp2-0056","鼠标垫","Pulsar","Pulsar eS Neptune Pro Gaming Mousepad - FIRM","缺价","","https://pulsar.gg/products/es-neptune-pro-gaming-mousepad-firm"
"mp2-0057","鼠标垫","Pulsar","Pulsar eS Mercury Pro Gaming Mousepad - XSOFT","缺价","","https://pulsar.gg/products/es-mercury-pro-gaming-mousepad-xsoft"
"mp2-0058","鼠标垫","Pulsar","Pulsar eS Mercury Pro Gaming Mousepad - SOFT","缺价","","https://pulsar.gg/products/pro-series-mercury-gaming-mousepad"
"mp2-0059","鼠标垫","Pulsar","Pulsar eS Mercury Pro Gaming Mousepad - FIRM","缺价","","https://pulsar.gg/products/es-mercury-pro-gaming-mousepad-firm"
"mp2-0060","鼠标垫","Pulsar","Pulsar eS Hyperion Pro Gaming Mousepad - XSOFT","缺价","","https://pulsar.gg/products/es-hyperion-pro-gaming-mousepad-xsoft"
"mp2-0061","鼠标垫","Pulsar","Pulsar eS Hyperion Pro Gaming Mousepad - SOFT","缺价","","https://pulsar.gg/products/es-hyperion-pro-gaming-mousepad-soft"
"mp2-0062","鼠标垫","Pulsar","Pulsar eS Hyperion Pro Gaming Mousepad - FIRM","缺价","","https://pulsar.gg/products/es-hyperion-pro-gaming-mousepad-firm"
"mp2-0063","鼠标垫","Pulsar","Pulsar eS PD170 Gaming Mousepad","缺价","","https://pulsar.gg/products/es-pd170-gaming-mousepad"
"mp2-0064","鼠标垫","Pulsar","[Pro Series] Meiy Glass MousePad","缺价","","https://pulsar.gg/products/pro-series-meiy-glass-mousepad"
"mp2-0065","鼠标垫","Pulsar","[Pro Series] d4v41 Gaming Mousepad","缺价","缺图","https://pulsar.gg/products/pro-series-d4v41-gaming-mousepad"
"mp2-0066","鼠标垫","Pulsar","[THE FINALS EDITION] Superglide3 Glass Mousepad","缺价","缺图","https://pulsar.gg/products/the-finals-edition-superglide-glass-mousepad"
"mp2-0067","鼠标垫","Pulsar","[THE FINALS EDITION] Gaming Mousepad","缺价","缺图","https://pulsar.gg/products/the-finals-edition-gaming-mousepad"
"mp2-0068","鼠标垫","Pulsar","[Bruce Lee 85th Edition] Superglide3 Glass Mousepad XL - NAVY","缺价","缺图","https://pulsar.gg/products/superglide3-xl-brucelee85th-navy"
"mp2-0069","鼠标垫","Pulsar","[Bruce Lee 85th Edition] Superglide3 Glass Mousepad XL - PICTURE","缺价","","https://pulsar.gg/products/superglide3-xl-brucelee85th-picture"
"mp2-0070","鼠标垫","Pulsar","[Bruce Lee 85th Edition] Gaming Mousepad XL","缺价","","https://pulsar.gg/products/mousepad-xl-brucelee85th-navy"
"mp2-0071","鼠标垫","Lamzu","LAMZU ENERGON MOUSE PAD","缺价","缺图","https://www.lamzu.com/products/lamzu-energon-mouse-pad"
"mp2-0072","鼠标垫","Lamzu","LAMZU ENERGON PRO MOUSE PAD","缺价","缺图","https://www.lamzu.com/products/lamzu-energon-pro-mouse-pad"
"mp2-0073","鼠标垫","Lamzu","LAMZU MAYA Cloth Mousepad","缺价","","https://www.lamzu.com/products/lamzu-maya-mouse-pad"
"mp2-0074","鼠标垫","Lamzu","LAMZU MAYA Glass Mousepad","缺价","","https://www.lamzu.com/products/lamzu-maya-glass-mousepad"
"mp2-0075","鼠标垫","Xraypad","Xraypad Aqua Control+ (AC+)","缺价","缺图","https://shop.x-raypad.com/"
"mp2-0076","鼠标垫","Xraypad","Xraypad AC Pro","缺价","缺图","https://shop.x-raypad.com/"
"mp2-0077","鼠标垫","Xraypad","Xraypad AC Pro 2","缺价","缺图","https://shop.x-raypad.com/"
"mp2-0078","鼠标垫","Xraypad","Xraypad AC2 Pro","缺价","缺图","https://shop.x-raypad.com/"
"mp2-0079","鼠标垫","Xraypad","Xraypad ACE","缺价","缺图","https://shop.x-raypad.com/"
"mp2-0080","鼠标垫","Xraypad","Xraypad Obsidian","缺价","缺图","https://shop.x-raypad.com/"
"mp2-0081","鼠标垫","Xraypad","Xraypad Obsidian Air","缺价","缺图","https://shop.x-raypad.com/"
"mp2-0082","鼠标垫","Xraypad","Xraypad Obsidian Ultra","缺价","缺图","https://shop.x-raypad.com/"
"mp2-0083","鼠标垫","Xraypad","Xraypad Equate Plus","缺价","缺图","https://shop.x-raypad.com/"
"mp2-0084","鼠标垫","Xraypad","Xraypad Equate Pro","缺价","缺图","https://shop.x-raypad.com/"
"mp2-0085","鼠标垫","Xraypad","Xraypad Thunder","缺价","缺图","https://shop.x-raypad.com/"
"mp2-0086","鼠标垫","Xraypad","Xraypad Thunder Pro","缺价","缺图","https://shop.x-raypad.com/"
"mp2-0088","鼠标垫","Xraypad","Xraypad Traigun Pro","缺价","缺图","https://shop.x-raypad.com/"
"mp2-0089","鼠标垫","Xraypad","Xraypad Minerva","缺价","缺图","https://shop.x-raypad.com/"
"mp2-0090","鼠标垫","Xraypad","Xraypad Minerva Pro","缺价","缺图","https://shop.x-raypad.com/"
"mp2-0092","鼠标垫","Xraypad","Xraypad Origin Pro","缺价","缺图","https://shop.x-raypad.com/"
"mp2-0093","鼠标垫","Xraypad","Xraypad NOD 2mm Glass Mousepad","缺价","缺图","https://shop.x-raypad.com/"
"mp2-0094","鼠标垫","Xraypad","Xraypad Ironclad Glass Mousepad","缺价","缺图","https://shop.x-raypad.com/"
"mp2-0095","鼠标垫","Vancer","Vancer Ice 2","缺价","缺图","https://search.jd.com/Search?keyword=Vancer%20Ice%202"
"mp2-0096","鼠标垫","Vancer","Vancer Frost","缺价","缺图","https://search.jd.com/Search?keyword=Vancer%20Frost"
"mp2-0098","鼠标垫","Skypad","SkyPAD 2.0 XL","缺价","缺图","https://sky-pad.com/"
"mp2-0099","鼠标垫","Skypad","SkyPAD 3.0 XL","缺价","缺图","https://sky-pad.com/"
"mp2-0101","鼠标垫","Skypad","SkyPAD 4.0 XL","缺价","缺图","https://sky-pad.com/"
"mp2-0102","鼠标垫","Endgame Gear","Endgame Gear MPC450 CORDURA Gaming Mousepad","缺价","","https://www.endgamegear.com/products/mpc450-cordura%C2%AE-gaming-mousepad"
"mp2-0103","鼠标垫","Endgame Gear","Endgame Gear MPC890 CORDURA Gaming Mousepad","缺价","","https://www.endgamegear.com/products/mpc890-cordura%C2%AE-gaming-mousepad"
"mp2-0104","鼠标垫","Endgame Gear","Endgame Gear MPC1200 CORDURA Gaming Mousepad","缺价","","https://www.endgamegear.com/products/mpc1200-cordura%C2%AE-gaming-mousepad"
"mp2-0105","鼠标垫","Endgame Gear","Endgame Gear EM-C Gaming Mousepad","缺价","","https://www.endgamegear.com/products/em-c-gaming-mousepad-1"
"mp2-0106","鼠标垫","Endgame Gear","Endgame Gear EM-B Gaming Mousepad","缺价","","https://www.endgamegear.com/products/em-b-gaming-mousepad"
"mp2-0107","鼠标垫","Razer","Razer Gigantus","缺价","","https://www.razer.com/pc/gaming-mouse-mats/gigantus-line"
"mp2-0110","鼠标垫","Razer","Razer Gigantus V2 Pro Niko Edition","缺价","","https://www.razer.com/gaming-mouse-mats/razer-gigantus-v2-pro-niko-edition"
"mp2-0111","鼠标垫","Razer","Razer Gigantus V2 Faker Edition","缺价","缺图","https://www.razer.com/gaming-mouse-mats/razer-gigantus-v2-faker-edition"
"mp2-0112","鼠标垫","Razer","Razer Gigantus V2 Espeon/Umbreon Edition","缺价","","https://www.razer.com/gaming-mouse-mats/espeon-umbreon-razer-gigantus-v2"
"mp2-0113","鼠标垫","Razer","Razer Gigantus V2 Wuthering Waves Edition","缺价","","https://www.razer.com/gaming-mouse-mats/wuthering-waves-razer-gigantus-v2"
"mp2-0114","鼠标垫","Razer","Razer Gigantus V2 Zenless Zone Zero Edition","缺价","","https://www.razer.com/gaming-mouse-mats/zenless-zone-zero-razer-gigantus-v2"
"mp2-0118","鼠标垫","Razer","Razer Atlas Pro","缺价","","https://www.razer.com/gaming-mouse-mats/razer-atlas-pro"
"mp2-0121","鼠标垫","Razer","Razer Goliathus","缺价","","https://www.razer.com/pc/gaming-mouse-mats/goliathus-line"
"mp2-0124","鼠标垫","Razer","Razer Acari","缺价","缺图","https://www.razer.com/gaming-mouse-mats/razer-acari"
"mp2-0130","鼠标垫","SteelSeries","SteelSeries QcK Heavy Medium","缺价","缺图","https://steelseries.com/gaming-mousepads"
"mp2-0133","鼠标垫","SteelSeries","SteelSeries QcK Edge","缺价","缺图","https://steelseries.com/gaming-mousepads"
"mp2-0134","鼠标垫","SteelSeries","SteelSeries QcK Hard","缺价","缺图","https://steelseries.com/gaming-mousepads"
"mp2-0135","鼠标垫","SteelSeries","SteelSeries QcK Performance Balance","缺价","缺图","https://steelseries.com/gaming-mousepads"
"mp2-0136","鼠标垫","SteelSeries","SteelSeries QcK Performance Speed","缺价","缺图","https://steelseries.com/gaming-mousepads"
"mp2-0137","鼠标垫","SteelSeries","SteelSeries QcK Performance Control","缺价","缺图","https://steelseries.com/gaming-mousepads"
"mp2-0138","鼠标垫","SteelSeries","SteelSeries QcK Vector","缺价","缺图","https://steelseries.com/gaming-mousepads"
"mp2-0139","鼠标垫","SteelSeries","SteelSeries QcK Prism Medium","缺价","缺图","https://steelseries.com/gaming-mousepads"
"mp2-0141","鼠标垫","SteelSeries","SteelSeries QcK Prism 5XL","缺价","缺图","https://steelseries.com/gaming-mousepads"
"mp2-0142","鼠标垫","SteelSeries","SteelSeries QcK L South Park Boys Edition","缺价","缺图","https://steelseries.com/gaming-mousepads"
"mp2-0143","鼠标垫","SteelSeries","SteelSeries QcK L South Park Towelie Edition","缺价","缺图","https://steelseries.com/gaming-mousepads"
"mp2-0144","鼠标垫","SteelSeries","SteelSeries QcK L Pride Flag Edition","缺价","缺图","https://steelseries.com/gaming-mousepads"
"mp2-0145","鼠标垫","Logitech","Logitech G240 Cloth Gaming Mouse Pad","缺价","缺图","https://www.logitechg.com/en-us/shop/c/gaming-mousepads"
"mp2-0146","鼠标垫","Logitech","Logitech G440 Hard Gaming Mouse Pad","缺价","缺图","https://www.logitechg.com/en-us/shop/c/gaming-mousepads"
"mp2-0147","鼠标垫","Logitech","Logitech G640 Cloth Gaming Mouse Pad","缺价","缺图","https://www.logitechg.com/en-us/shop/c/gaming-mousepads"
"mp2-0148","鼠标垫","Logitech","Logitech G840 XL Cloth Gaming Mouse Pad","缺价","缺图","https://www.logitechg.com/en-us/shop/c/gaming-mousepads"
"mp2-0149","鼠标垫","Logitech","Logitech POWERPLAY Wireless Charging Mouse Pad","缺价","缺图","https://www.logitechg.com/en-us/shop/c/gaming-mousepads"
"mp2-0151","鼠标垫","Logitech","Logitech Studio Series Mouse Pad","缺价","缺图","https://www.logitechg.com/en-us/shop/c/gaming-mousepads"
"mp2-0152","鼠标垫","Corsair","CORSAIR MM100 Cloth Gaming Mouse Pad","缺价","","https://www.corsair.com/us/en/p/mousepads/ch-9100020-ww/mm100-cloth-gaming-mouse-pad-ch-9100020-ww"
"mp2-0153","鼠标垫","Corsair","CORSAIR MM200 Cloth Gaming Mouse Pad Standard Edition","缺价","","https://www.corsair.com/us/en/p/mousepads/ch-9000079-ww/corsair-gaming-mm200-mouse-mat-standard-edition-ch-9000079-ww"
"mp2-0154","鼠标垫","Corsair","CORSAIR MM200 Cloth Gaming Mouse Pad Extended Edition","缺价","","https://www.corsair.com/us/en/p/mousepads/ch-9000086-ww/corsair-gaming-mm200-mouse-mat-extended-edition-ch-9000086-ww"
"mp2-0155","鼠标垫","Corsair","CORSAIR MM200 Cloth Gaming Mouse Pad XL Edition","缺价","","https://www.corsair.com/us/en/p/mousepads/ch-9000080-ww/corsair-gaming-mm200-mouse-mat-xl-edition-ch-9000080-ww"
"mp2-0156","鼠标垫","Corsair","CORSAIR MM200 Cloth Gaming Mouse Pad Wide Edition","缺价","","https://www.corsair.com/us/en/p/mousepads/ch-9000015-ww/corsair-mm200-gaming-mouse-mat-wide-edition-ch-9000015-ww"
"mp2-0157","鼠标垫","Corsair","CORSAIR MM250 Champion Series Mouse Pad X-Large","缺价","","https://www.corsair.com/us/en/p/mousepads/ch-9412560-ww/mm250-champion-series-mouse-pad-x-large-ch-9412560-ww"
"mp2-0158","鼠标垫","Corsair","CORSAIR MM300 Anti-Fray Cloth Gaming Mouse Pad Small","缺价","","https://www.corsair.com/us/en/p/mousepads/ch-9000105-ww/mm300-anti-fray-cloth-gaming-mouse-pad-small-ch-9000105-ww"
"mp2-0159","鼠标垫","Corsair","CORSAIR MM300 Anti-Fray Cloth Gaming Mouse Pad Medium","缺价","","https://www.corsair.com/us/en/p/mousepads/ch-9000106-ww/mm300-anti-fray-cloth-gaming-mouse-pad-medium-ch-9000106-ww"
"mp2-0160","鼠标垫","Corsair","CORSAIR MM300 Anti-Fray Cloth Gaming Mouse Pad Extended","缺价","","https://www.corsair.com/us/en/p/mousepads/ch-9000108-ww/mm300-anti-fray-cloth-gaming-mouse-pad-extended-ch-9000108-ww"
"mp2-0161","鼠标垫","Corsair","CORSAIR MM300 Pro Premium Spill-Proof Cloth Gaming Mouse Pad Extended","缺价","","https://www.corsair.com/us/en/p/mousepads/ch-9413641-ww/mm300-pro-premium-spill-proof-cloth-gaming-mouse-pad-extended-ch-9413641-ww"
"mp2-0162","鼠标垫","Corsair","CORSAIR MM300 2XL Gaming Mouse Pad Invincible vs Edition","缺价","","https://www.corsair.com/us/en/p/mousepads/ch-941307be-ww/mm300-2xl-invincible-vs-edition-ch-941307be-ww"
"mp2-0163","鼠标垫","Corsair","CORSAIR MM350 Champion Series Mouse Pad Medium","缺价","","https://www.corsair.com/us/en/p/mousepads/ch-9413520-ww/mm350-champion-series-mouse-pad-medium-ch-9413520-ww"
"mp2-0164","鼠标垫","Corsair","CORSAIR MM350 Champion Series Mouse Pad X-Large","缺价","","https://www.corsair.com/us/en/p/mousepads/ch-9413560-ww/mm350-champion-series-mouse-pad-x-large-ch-9413560-ww"
"mp2-0165","鼠标垫","Corsair","CORSAIR MM350 Pro Premium Spill-Proof Cloth Gaming Mouse Pad Extended XL","缺价","","https://www.corsair.com/us/en/p/mousepads/ch-9413770-ww/mm350-pro-premium-spill-proof-cloth-gaming-mouse-pad-extended-xl-black-ch-9413770-ww"
"mp2-0166","鼠标垫","Corsair","CORSAIR MM350 Premium Anti-Fray Cloth Gaming Mouse Pad Extended XL","缺价","","https://www.corsair.com/us/en/p/mousepads/ch-9413571-ww/mm350-premium-anti-fray-cloth-gaming-mouse-pad-extended-xl-ch-9413571-ww"
"mp2-0167","鼠标垫","Corsair","CORSAIR MM400 High-Speed Gaming Mouse Pad Standard Edition","缺价","","https://www.corsair.com/us/en/p/mousepads/ch-9000103-ww/mm400-high-speed-gaming-mouse-pad-ch-9000103-ww"
"mp2-0168","鼠标垫","Corsair","CORSAIR MM400 High-Speed Gaming Mouse Mat Compact Edition","缺价","","https://www.corsair.com/us/en/p/mousepads/ch-9000047-ww/corsair-mm400-high-speed-gaming-mouse-mat-compact-edition-ch-9000047-ww"
"mp2-0169","鼠标垫","Corsair","CORSAIR MM500 Premium Anti-Fray Cloth Gaming Mouse Pad Extended 3XL","缺价","","https://www.corsair.com/us/en/p/mousepads/ch-9415080-ww/mm500-premium-anti-fray-cloth-gaming-mouse-pad-extended-3xl-ch-9415080-ww"
"mp2-0170","鼠标垫","Corsair","CORSAIR MM500 V2 Hybrid Cloth Gaming Mouse Pad Large","缺价","","https://www.corsair.com/us/en/p/mousepads/ch-941b161-ww/mm500-v2-hybrid-cloth-gaming-mouse-pad-large-ch-941b161-ww"
"mp2-0171","鼠标垫","Corsair","CORSAIR MM500 V2 Hybrid Cloth Gaming Mouse Pad Extended","缺价","","https://www.corsair.com/us/en/p/mousepads/ch-941b141-ww/mm500-v2-hybrid-cloth-gaming-mouse-pad-extended-ch-941b141-ww"
"mp2-0172","鼠标垫","Corsair","CORSAIR MM600 Dual-Sided Aluminum Gaming Mouse Pad","缺价","","https://www.corsair.com/us/en/p/mousepads/ch-9000104-ww/mm600-dual-sided-aluminum-gaming-mouse-pad-ch-9000104-ww"
"mp2-0173","鼠标垫","Corsair","CORSAIR MM700 RGB Extended Mouse Pad","缺价","","https://www.corsair.com/us/en/p/mousepads/ch-9417070-ww/mm700-rgb-extended-mouse-pad-ch-9417070-ww"
"mp2-0174","鼠标垫","Corsair","CORSAIR MM700 RGB Extended 3XL Cloth Gaming Mouse Pad Desk Mat","缺价","","https://www.corsair.com/us/en/p/mousepads/ch-9417080-ww/mm700-rgb-extended-3xl-cloth-gaming-mouse-pad-desk-mat-ch-9417080-ww"
"mp2-0175","鼠标垫","Corsair","CORSAIR MM800 RGB Polaris Gaming Mouse Pad","缺价","","https://www.corsair.com/us/en/p/mousepads/ch-9440020-na/mm800-rgb-polaris-gaming-mouse-pad-ch-9440020-na"
"mp2-0176","鼠标垫","Corsair","CORSAIR MM800 RGB Polaris Gaming Mouse Pad Cloth Edition","缺价","","https://www.corsair.com/us/en/p/mousepads/ch-9440021-na/mm800-rgb-polaris-gaming-mouse-pad-cloth-edition-ch-9440021-na"
"mp2-0177","鼠标垫","Corsair","CORSAIR MM1000 Qi Wireless Charging Mouse Pad","缺价","","https://www.corsair.com/us/en/p/mousepads/ch-9440022-na/mm1000-qi-wireless-charging-mouse-pad-ch-9440022-na"
"mp2-0178","鼠标垫","Corsair","CORSAIR MM Glass Large Precision Gaming Mouse Pad Black","缺价","","https://www.corsair.com/us/en/p/mousepads/ch-9460000-ww/mm-glass-large-precision-gaming-mouse-pad-black-ch-9460000-ww"
"mp2-0179","鼠标垫","Corsair","CORSAIR MM Glass Large Precision Gaming Mouse Pad Gray","缺价","","https://www.corsair.com/us/en/p/mousepads/ch-9460001-ww/mm-glass-large-precision-gaming-mouse-pad-gray-ch-9460001-ww"
"mp2-0180","鼠标垫","Corsair","CORSAIR MM Pro Control Esports-Tuned Cloth Mouse Pad Medium Black","缺价","","https://www.corsair.com/us/en/p/mousepads/ch-941c0a0-ww/mm-pro-control-medium-esports-tuned-cloth-mouse-pad-black-ch-941c0a0-ww"
"mp2-0181","鼠标垫","Corsair","CORSAIR MM Pro Control Esports-Tuned Cloth Mouse Pad Large Black","缺价","","https://www.corsair.com/us/en/p/mousepads/ch-941c060-ww/mm-pro-control-large-esports-tuned-cloth-mouse-pad-black-ch-941c060-ww"
"mp2-0182","鼠标垫","Corsair","CORSAIR MM Pro Control Esports-Tuned Cloth Mouse Pad Medium Gray","缺价","","https://www.corsair.com/us/en/p/mousepads/ch-941c0a1-ww/mm-pro-control-medium-esports-tuned-cloth-mouse-pad-gray-ch-941c0a1-ww"
"mp2-0183","鼠标垫","Corsair","CORSAIR MM Pro Control Esports-Tuned Cloth Mouse Pad Large Gray","缺价","","https://www.corsair.com/us/en/p/mousepads/ch-941c061-ww/mm-pro-control-large-esports-tuned-cloth-mouse-pad-gray-ch-941c061-ww"
"mp2-0184","鼠标垫","Corsair","CORSAIR MM Anti-Fray Cloth Gaming Mouse Pad Medium","缺价","","https://www.corsair.com/us/en/p/mousepads/ch-941d0a0-ww/mm-anti-fray-cloth-gaming-mouse-pad-medium-black-ch-941d0a0-ww"
"mp2-0185","鼠标垫","Corsair","CORSAIR MM Anti-Fray Cloth Gaming Mouse Pad Large","缺价","","https://www.corsair.com/us/en/p/mousepads/ch-941d060-ww/mm-anti-fray-cloth-gaming-mouse-pad-large-black-ch-941d060-ww"
"mp2-0186","鼠标垫","Corsair","CORSAIR MM Anti-Fray Cloth Gaming Mouse Pad XL","缺价","","https://www.corsair.com/us/en/p/mousepads/ch-941d040-ww/mm-anti-fray-cloth-gaming-mouse-pad-xl-black-ch-941d040-ww"
"mp2-0187","鼠标垫","Corsair","CORSAIR MM Anti-Fray Cloth Gaming Mouse Pad XXL","缺价","","https://www.corsair.com/us/en/p/mousepads/ch-941d070-ww/mm-anti-fray-cloth-gaming-mouse-pad-xxl-black-ch-941d070-ww"
"mp2-0188","鼠标垫","Corsair","CORSAIR MM Anti-Fray Cloth Gaming Mouse Pad 3XL","缺价","","https://www.corsair.com/us/en/p/mousepads/ch-941d0c0-ww/mm-anti-fray-cloth-gaming-mouse-pad-3xl-black-ch-941d0c0-ww"
"mp2-0189","鼠标垫","Corsair","CORSAIR MM150 Ultra-Thin Gaming Mouse Pad Medium","缺价","","https://www.corsair.com/us/en/p/mousepads/ch-9421591-ww/mm150-ultra-thin-gaming-mouse-pad-medium-ch-9421591-ww"
"mp2-0190","鼠标垫","HyperX","HyperX FURY S Pro Gaming Mouse Pad","缺价","缺图","https://hyperx.com/collections/mousepads"
"mp2-0191","鼠标垫","HyperX","HyperX FURY S Pro Speed Edition Gaming Mouse Pad","缺价","缺图","https://hyperx.com/collections/mousepads"
"mp2-0192","鼠标垫","HyperX","HyperX FURY S Pro XL Gaming Mouse Pad","缺价","缺图","https://hyperx.com/collections/mousepads"
"mp2-0193","鼠标垫","HyperX","HyperX FURY S Pro 3XL Gaming Mouse Pad","缺价","缺图","https://hyperx.com/collections/mousepads"
"mp2-0194","鼠标垫","HyperX","HyperX Pulsefire Mat Gaming Mouse Pad","缺价","缺图","https://hyperx.com/collections/mousepads"
"mp2-0195","鼠标垫","HyperX","HyperX Pulsefire Mat XL Gaming Mouse Pad","缺价","缺图","https://hyperx.com/collections/mousepads"
"mp2-0196","鼠标垫","HyperX","HyperX Pulsefire Mat RGB Gaming Mouse Pad","缺价","缺图","https://hyperx.com/collections/mousepads"
"mp2-0197","鼠标垫","HyperX","HyperX Pulsefire Mat S Gaming Mouse Pad","缺价","缺图","https://hyperx.com/collections/mousepads"
"mp2-0198","鼠标垫","Cooler Master","Cooler Master MP510 CORDURA Gaming Mouse Pad","缺价","缺图","https://www.coolermaster.com/en-global/catalog/gaming-accessories/mouse-pads"
"mp2-0199","鼠标垫","Cooler Master","Cooler Master MP510 L CORDURA Gaming Mouse Pad","缺价","缺图","https://www.coolermaster.com/en-global/catalog/gaming-accessories/mouse-pads"
"mp2-0200","鼠标垫","Cooler Master","Cooler Master MP510 XXL CORDURA Gaming Mouse Pad","缺价","缺图","https://www.coolermaster.com/en-global/catalog/gaming-accessories/mouse-pads"
"mp2-0201","鼠标垫","Cooler Master","Cooler Master MP511 CORDURA Gaming Mouse Pad","缺价","缺图","https://www.coolermaster.com/en-global/catalog/gaming-accessories/mouse-pads"
"mp2-0202","鼠标垫","Cooler Master","Cooler Master MP511 L CORDURA Gaming Mouse Pad","缺价","缺图","https://www.coolermaster.com/en-global/catalog/gaming-accessories/mouse-pads"
"mp2-0203","鼠标垫","Cooler Master","Cooler Master MP511 XXL CORDURA Gaming Mouse Pad","缺价","缺图","https://www.coolermaster.com/en-global/catalog/gaming-accessories/mouse-pads"
"mp2-0204","鼠标垫","Cooler Master","Cooler Master MP750 Gaming Mouse Pad","缺价","缺图","https://www.coolermaster.com/en-global/catalog/gaming-accessories/mouse-pads"
"mp2-0205","鼠标垫","Cooler Master","Cooler Master MP750 XL Gaming Mouse Pad","缺价","缺图","https://www.coolermaster.com/en-global/catalog/gaming-accessories/mouse-pads"
"mp2-0206","鼠标垫","Cooler Master","Cooler Master CM Storm Swift-RX Gaming Mouse Pad","缺价","缺图","https://www.coolermaster.com/en-global/catalog/gaming-accessories/mouse-pads"
"mp2-0207","鼠标垫","Cooler Master","Cooler Master CM Storm Speed-RX Gaming Mouse Pad","缺价","缺图","https://www.coolermaster.com/en-global/catalog/gaming-accessories/mouse-pads"
"mp2-0208","鼠标垫","Cooler Master","Cooler Master CM Storm BattlePad R Gaming Mouse Pad","缺价","缺图","https://www.coolermaster.com/en-global/catalog/gaming-accessories/mouse-pads"
"mp2-0209","鼠标垫","ATK","ATK X83 XSoft eSport Gaming Mouse Pad","缺价","","https://www.atk.store/products/atk-x83-xsoft-esport-gaming-mouse-pad"
"mp2-0210","鼠标垫","ATK","ATK Sunny Rain XSoft Mouse Pad","缺价","","https://www.atk.store/products/atk-sunny-rain-mouse-pad"
"mp2-0211","鼠标垫","ATK","ATK Duckbill XSoft eSport Gaming Mouse Pad","缺价","","https://www.atk.store/products/atk-duckbill-xsoft-esport-gaming-mousepad"
"mp2-0212","鼠标垫","ATK","ATK G640 Esport Mouse Gaming Pad","缺价","","https://www.atk.store/products/atk-g640-esport-mouse-pad"
"mp2-0213","鼠标垫","ATK","ATK Blaze XSoft eSport Gaming Mouse Pad","缺价","","https://www.atk.store/products/atk-blaze-xsoft-esport-gaming-mousepad"
"mp2-0214","鼠标垫","ATK","ATK 99G XSoft eSport Gaming Mouse Pad","缺价","","https://www.atk.store/products/atk-99g-xsoft-esport-gaming-mousepad"
"mp2-0215","鼠标垫","ATK","ATK Sky XSoft eSport Gaming Mouse Pad","缺价","","https://www.atk.store/products/atk-sky-xsoft-esport-gaming-mousepad"
"mp2-0216","鼠标垫","ATK","ATK Micro-Etched Tempered Glass Gaming Mouse Pad","缺价","","https://www.atk.store/products/atk-micro-etched-tempered-glass-mouse-pad"
"mp2-0217","鼠标垫","ATK","ATK Tempered Glass Mouse Pad Crimson Limited Edition","缺价","","https://www.atk.store/products/atk-tempered-glass-mouse-pad-crimson-limited-edition"
"mp2-0218","鼠标垫","ATK","ATK Anime Mouse Pad - NANA","缺价","","https://www.atk.store/products/atk-anime-mouse-pad-nana"
"mp2-0219","鼠标垫","ATK","ATK Anime Mouse Pad - Reverie","缺价","缺图","https://www.atk.store/products/atk-anime-mouse-pad-reverie"
"mp2-0220","鼠标垫","ATK","ATK x LEVIATAN Esports Gaming Mouse Pad","缺价","缺图","https://www.atk.store/products/atk-x-leviatan-esports-gaming-mouse-pad"
"mp2-0221","鼠标垫","ATK","ATK Knight Zodiac Horse Limited Edition Gaming Mouse Pad","缺价","缺图","https://www.atk.store/products/atk-zodiac-horse-limited-mouse-pad"
"mp2-0223","鼠标垫","ATK","ATK 战斧 鼠标垫","缺价","缺图","https://www.atkgear.com.cn/accessories/atk-axe"
"mp2-0225","鼠标垫","ATK","ATK 梦系列 鼠标垫","缺价","缺图","https://www.atkgear.com.cn/accessories/atk-meng"
"mp2-0226","鼠标垫","ATK","ATK NANA系列 鼠标垫","缺价","缺图","https://www.atkgear.com.cn/accessories/atk-nana"
"mp2-0227","鼠标垫","ATK","ATK 利维坦定制空系列 鼠标垫","缺价","缺图","https://www.atkgear.com.cn/accessories/leviatan-mousepad"
"mp2-0228","鼠标垫","VGN","VGN 浮光掠影 彩虹镀膜 鼠标垫","缺价","缺图","https://search.jd.com/Search?keyword=VGN%20%E6%B5%AE%E5%85%89%E6%8E%A0%E5%BD%B1%20%E9%BC%A0%E6%A0%87%E5%9E%AB"
"mp2-0229","鼠标垫","EspTiger","EspTiger Shan Hai · Chuan Yun Speed Gaming Mousepad","缺价","","https://esptiger.com/products/shan-hai-chuan-yun-speed-gaming-mousepad"
"mp2-0230","鼠标垫","EspTiger","EspTiger Banks Collection Heavy Claw Control Gaming Mousepad","缺价","","https://esptiger.com/products/heavy-claw-banks-collection-by-james-banks-banks-x-esptiger"
"mp2-0231","鼠标垫","EspTiger","EspTiger Qingsui 3 Special Edition Balance Gaming Mousepad","缺价","","https://esptiger.com/products/qingsui-3-special-edition-balance-gaming-mousepad"
"mp2-0232","鼠标垫","EspTiger","EspTiger Neon V2 Moondrop Edition Control Gaming Mousepad","缺价","","https://esptiger.com/products/neon-v2-moondrop-edition-control-gaming-mousepad"
"mp2-0233","鼠标垫","EspTiger","EspTiger Pioneer Wuxiang V2 Speed Gaming Mousepad","缺价","","https://esptiger.com/products/pioneer-wuxiang-v2-speed-gaming-mousepad"
"mp2-0234","鼠标垫","EspTiger","EspTiger WuXiang X V2 Speed Gaming Mousepad","缺价","","https://esptiger.com/products/wuxiang-x-v2-speed-gaming-mousepad"
"mp2-0235","鼠标垫","EspTiger","EspTiger Pioneer Talismans Balance Gaming Mousepad","缺价","","https://esptiger.com/products/pioneer-talismans-ya-sheng-v2-balance-gaming-mousepad"
"mp2-0236","鼠标垫","EspTiger","EspTiger Pioneer · Tang Dao Balance Gaming Mousepad","缺价","","https://esptiger.com/products/pioneer-tang-dao-balance-gaming-mousepad"
"mp2-0237","鼠标垫","EspTiger","EspTiger Chengying Balance Gaming Mousepad","缺价","","https://esptiger.com/products/chengying-balance-gaming-mousepad"
"mp2-0238","鼠标垫","EspTiger","EspTiger Wu Jie Balance Gaming Mousepad","缺价","","https://esptiger.com/products/wu-jie-balance-gaming-mousepad"
"mp2-0239","鼠标垫","EspTiger","EspTiger QingSui 3 Balance Gaming Mousepad","缺价","","https://esptiger.com/products/qingsui-3-balance-gaming-mousepad"
"mp2-0240","鼠标垫","EspTiger","EspTiger Poying Balance Gaming Mousepad","缺价","","https://esptiger.com/products/poying-balance-gaming-mousepad"
"mp2-0241","鼠标垫","EspTiger","EspTiger QingSui 2 Pro Control Gaming Mousepad","缺价","","https://esptiger.com/products/qingsui-2-pro-control-gaming-mousepad"
"mp2-0242","鼠标垫","EspTiger","EspTiger Lotus Black AGL Edition Glass Mousepad","缺价","","https://esptiger.com/products/lotus-black-agl-editionglass-large-mousepad"
"mp2-0243","鼠标垫","EspTiger","EspTiger QingSui X Bailu Balance Gaming Mousepad","缺价","","https://esptiger.com/products/qingsui-x-bailu-balance-gaming-mousepad"
"mp2-0244","鼠标垫","EspTiger","EspTiger QingSui Xuanniao Control Gaming Mousepad","缺价","","https://esptiger.com/products/qingsui-xuanniao-control-gaming-mousepad"
"mp2-0245","鼠标垫","EspTiger","EspTiger Sheshejia XXL Speed Gaming Mousepad","缺价","缺图","https://esptiger.com/products/esptiger-sheshejia-xl"
"mp2-0246","鼠标垫","EspTiger","EspTiger SheSheJia Purple Balance Gaming Mousepad","缺价","缺图","https://esptiger.com/products/sheshejia-purple-balance-gaming-mousepad"
"mp2-0247","鼠标垫","EspTiger","EspTiger SheSheJia Pink Speed Gaming Mousepad","缺价","缺图","https://esptiger.com/products/sheshejia-pink-speed-gaming-mousepad"
"mp2-0248","鼠标垫","EspTiger","EspTiger Qingsui 2 PRO+ Large Gaming Mousepad","缺价","缺图","https://esptiger.com/products/esptiger-qingsui-2-pro-plus-gaming-mouse-pad-er-rubber-base"
"mp2-0249","鼠标垫","EspTiger","EspTiger Blaze V3 Speed Gaming Mousepad","缺价","缺图","https://esptiger.com/products/blaze-v3-speed-gaming-mousepad"
"mp2-0250","鼠标垫","EspTiger","EspTiger Lotus Black Glass Speed Gaming Mousepad","缺价","缺图","https://esptiger.com/products/lotus-glass-fade-large-medium-mousepad"
"mp2-0251","鼠标垫","EspTiger","EspTiger Lotus Pink Glass Speed Gaming Mousepad","缺价","缺图","https://esptiger.com/products/lotus-pink-glass-speed-gaming-mousepad"
"mp2-0252","鼠标垫","EspTiger","EspTiger Tang Dao X Balance Gaming Mousepad","缺价","缺图","https://esptiger.com/products/tang-dao-x-balance-gaming-mousepad"
"mp2-0253","鼠标垫","EspTiger","EspTiger SR · Tang Dao Balance Gaming Mousepad","缺价","","https://esptiger.com/products/sr-tang-dao-balance-gaming-mousepad"
"mp2-0254","鼠标垫","EspTiger","EspTiger Qingsui Ya Sheng Control Gaming Mousepad","缺价","","https://esptiger.com/products/qingsui-ya-sheng-control-gaming-mousepad"
"mp2-0255","鼠标垫","EspTiger","EspTiger Shan Hai · Kun Lun Balance Gaming Mousepad","缺价","","https://esptiger.com/products/shan-hai-kun-lun-balance-gaming-mousepad"
"mp2-0256","鼠标垫","EspTiger","EspTiger Shan Hai · Feng Ling Control Gaming Mousepad","缺价","","https://esptiger.com/products/shan-hai-feng-ling-control-gaming-mousepad"
"mp2-0257","鼠标垫","EspTiger","EspTiger Lei Ling Balance Gaming Mousepad","缺价","","https://esptiger.com/products/lei-ling-balance-gaming-mousepad"
"mp2-0258","鼠标垫","EspTiger","EspTiger Shan Hai · Tang Dao Control Gaming Mousepad","缺价","","https://esptiger.com/products/shan-hai-tang-dao-control-gaming-mousepad"
"mp2-0259","鼠标垫","EspTiger","EspTiger WuXiang 2 West Tiger Large Gaming Mousepad","缺价","","https://esptiger.com/products/esptiger-wuxiang-2-west-tiger-mousepad"
"mp2-0260","鼠标垫","EspTiger","EspTiger QingSui 3 Pro Control Gaming Mousepad","缺价","","https://esptiger.com/products/qingsui-3-pro-control-gaming-mousepad"
"mp2-0261","鼠标垫","EspTiger","EspTiger HeTu Galaxy Large Gaming Mousepad","缺价","","https://esptiger.com/products/hetu"
"mp2-0262","鼠标垫","EspTiger","EspTiger Grandmaster Ling Balance Gaming Mousepad","缺价","","https://esptiger.com/products/grandmaster-ling-balance-gaming-mousepad"
"mp2-0263","鼠标垫","EspTiger","EspTiger EBA Balance Gaming Mousepad","缺价","","https://esptiger.com/products/eba-mid-gaming-mousepad"
"mp2-0264","鼠标垫","EspTiger","EspTiger Tai Bao Balance Gaming Mousepad","缺价","","https://esptiger.com/products/tai-bao-balance-gaming-mousepad"
"mp2-0265","鼠标垫","Pwnage","Pwnage Ultra Glide Pyramid Glasspad","缺价","缺图","https://www.pwnage.com/products/pwnage-pyramid-ultra-glide-glass-mousepad"
"mp2-0266","鼠标垫","Pwnage","Pwnage Precision Control Gaming Cloth Mousepad","缺价","缺图","https://www.pwnage.com/products/pwnage-precision-control-gaming-cloth-mousepad"
"mp2-0267","鼠标垫","Pwnage","Pwnage Nyomi Glass Mouse Pad","缺价","缺图","https://www.pwnage.com/products/nyomi-glass-mousepad"
"mp2-0268","鼠标垫","Ninjutso","Ninjutso NPC Control Mousepad","缺价","缺图","https://www.ninjutso.com/products/ninjutso-npc-control-mousepad"
"mp2-0269","鼠标垫","Gamesense","Gamesense Radar 4mm","缺价","缺图","https://www.gamesense.gg/products/radar-4mm"
"mp2-0270","鼠标垫","Gamesense","Gamesense Radar Original Spiral","缺价","缺图","https://www.gamesense.gg/products/radar-og-spiral"
"mp2-0271","鼠标垫","Gamesense","Gamesense Radar 8-Bit Camo","缺价","缺图","https://www.gamesense.gg/products/radar-8-bit-camo"
"mp2-0272","鼠标垫","Gamesense","Gamesense Radar Classic Color Series","缺价","缺图","https://www.gamesense.gg/products/radar-colors"
"mp2-0273","鼠标垫","Gamesense","Gamesense Radar Vortex","缺价","缺图","https://www.gamesense.gg/products/gamesense-radar"
"mp2-0274","鼠标垫","Gamesense","Gamesense benjyfishy Radar","缺价","缺图","https://www.gamesense.gg/products/benjyfishy-radar"
"mp2-0275","鼠标垫","Gamesense","Gamesense Benjyfishy Radar 2","缺价","缺图","https://www.gamesense.gg/products/radar-original-spiral-3mm-copy"
"mp2-0276","鼠标垫","Gamesense","Gamesense Asuka Kunai Radar","缺价","缺图","https://www.gamesense.gg/products/asuka"
"mp2-0277","鼠标垫","Gamesense","Gamesense Mr Aimlab","缺价","","https://www.gamesense.gg/products/mr-aimlab"
"mp2-0278","鼠标垫","Gamesense","Gamesense Li Na","缺价","","https://www.gamesense.gg/products/li-na"
"mp2-0279","鼠标垫","Gamesense","Gamesense Aimee","缺价","缺图","https://www.gamesense.gg/products/aimee"
"mp2-0280","鼠标垫","Matrova","Matrova Pink Storm","缺价","缺图","https://matrova.com/products/pink-storm"
"mp2-0281","鼠标垫","Matrova","Matrova Yin Balance Glass Pad","缺价","","https://matrova.com/products/yin-balance-glass-pad"
"mp2-0282","鼠标垫","Matrova","Matrova BalanceX","缺价","","https://matrova.com/products/balancex-neutral-mousepad"
"mp2-0283","鼠标垫","Matrova","Matrova Vein","缺价","缺图","https://matrova.com/products/vein"
"mp2-0284","鼠标垫","Matrova","Matrova Violet Mist","缺价","","https://matrova.com/products/violet-mist"
"mp2-0285","鼠标垫","Matrova","Matrova Ozi","缺价","缺图","https://matrova.com/products/ozi"
"mp2-0286","鼠标垫","Matrova","Matrova Yang Speed Glass Pad","缺价","","https://matrova.com/products/yang-speed-glass-pad"
"mp2-0287","鼠标垫","Matrova","Matrova Shadow Hunt","缺价","","https://matrova.com/products/shadow-hunt"
"mp2-0288","鼠标垫","Matrova","Matrova Scarlet","缺价","缺图","https://matrova.com/products/scarlet-mouse-pad"
"mp2-0289","鼠标垫","Redragon","Redragon Drake Oath Glass Mouse Pad","缺价","缺图","https://redragonshop.com/products/drake-oath-glass-mouse-pad"
"mp2-0290","鼠标垫","Redragon","Redragon PG1M Glass Gaming Mouse Pad","缺价","缺图","https://redragonshop.com/products/pg1m-glass-gaming-mouse-pad"
"mp2-0291","鼠标垫","Redragon","Redragon EISA P047 Waifu Gaming Mouse Pad/Desk Mat","缺价","缺图","https://redragonshop.com/products/open-box-eisa-p047-waifu-gaming-mouse-pad-desk-mat"
"mp2-0292","鼠标垫","Redragon","Redragon World of Warcraft XXL Gaming Mouse Pad/Desk Mat","缺价","缺图","https://redragonshop.com/products/blizzard-warld-of-warcraft-xxl-gaming-mouse-pad-desk-mat"
"mp2-0293","鼠标垫","Redragon","Redragon Overwatch XXL Gaming Mouse Pad/Desk Mat","缺价","","https://redragonshop.com/products/blizzard-overwatch-xxl-gaming-mouse-pad-desk-mat"
"mp2-0294","鼠标垫","Redragon","Redragon World of Warcraft XL Gaming Mouse Pad","缺价","","https://redragonshop.com/products/blizzard-world-of-warcraft-xl-gaming-mouse-pad"
"mp2-0295","鼠标垫","Redragon","Redragon World of Warcraft Game Glass Mouse Pad","缺价","","https://redragonshop.com/products/blizzard-world-of-warcraft-game-glass-mouse-pad"
"mp2-0296","鼠标垫","Redragon","Redragon Hearthstone Large Game Mouse Pad","缺价","","https://redragonshop.com/products/blizzard-hearthstone-large-game-mouse-pad"
"mp2-0297","鼠标垫","Redragon","Redragon Blizzard XXL Gaming Mouse Pad/Desk Mat","缺价","","https://redragonshop.com/products/blizzard-desk-mat"
"mp2-0298","鼠标垫","Redragon","Redragon Custom Glass Mouse Pad","缺价","","https://redragonshop.com/products/custom-glass-mouse-pad"
"mp2-0299","鼠标垫","Fantech","Fantech STRIKEPAD","缺价","缺图","https://fantechworld.com/products/strikepad"
"mp2-0300","鼠标垫","Fantech","Fantech STRIKEPAD PRO","缺价","缺图","https://fantechworld.com/products/strikepad-pro"
"mp2-0301","鼠标垫","Fantech","Fantech BASIC DESKMAT MP70","缺价","缺图","https://fantechworld.com/products/basic-deskmat-mp70"
"mp2-0302","鼠标垫","Fantech","Fantech MOTION PAD","缺价","缺图","https://fantechworld.com/products/motion-pad"
"mp2-0303","鼠标垫","Fantech","Fantech ATO MP905 One Piece Edition","缺价","","https://fantechworld.com/products/ato-mp905-one-piece-edition"
"mp2-0304","鼠标垫","Fnatic","Fnatic FOCUS 3 D Size Gaming Mousepad","缺价","","https://fnatic.com/products/focus-d"
"mp2-0305","鼠标垫","Fnatic","Fnatic FOCUS 3 L Size Gaming Mousepad","缺价","","https://fnatic.com/products/focus-l"
"mp2-0306","鼠标垫","Fnatic","Fnatic FOCUS 3 M Size Gaming Mousepad","缺价","","https://fnatic.com/products/focus-m"
"mp2-0307","鼠标垫","Fnatic","Fnatic FOCUS3 MAX L Large Gaming Mousepad","缺价","","https://fnatic.com/products/focus-3-max-l"
"mp2-0308","鼠标垫","Fnatic","Fnatic FOCUS3 MAX XL XL Gaming Mousepad","缺价","","https://fnatic.com/products/focus-3-max-xl"
"mp2-0309","鼠标垫","Fnatic","Fnatic Dash L Gaming Mousepad","缺价","","https://fnatic.com/products/dash-l"
"mp2-0310","鼠标垫","Fnatic","Fnatic Dash M Gaming Mousepad","缺价","","https://fnatic.com/products/dash-m"
"mp2-0311","鼠标垫","Fnatic","Fnatic Dash XL Gaming Mousepad","缺价","","https://fnatic.com/products/dash-xl"
"mp2-0312","鼠标垫","Fnatic","Fnatic Dash XD XL Desk Gaming Mousepad","缺价","","https://fnatic.com/products/dash-xd-xl-desk"
"mp2-0313","鼠标垫","Fnatic","Fnatic DASH2 MAX L Large Gaming Mousepad","缺价","","https://fnatic.com/products/dash-2-max-l"
"mp2-0314","鼠标垫","Fnatic","Fnatic DASH2 MAX XL XL Gaming Mousepad","缺价","","https://fnatic.com/products/dash-2-max-xl"
"mp2-0315","鼠标垫","Fnatic","Fnatic JET L Gaming Mousepad","缺价","","https://fnatic.com/products/jet-pad-l"
"mp2-0316","鼠标垫","Fnatic","Fnatic JET M Gaming Mousepad","缺价","","https://fnatic.com/products/jet-pad-m"
"mp2-0317","鼠标垫","Fnatic","Fnatic JET XL Gaming Mousepad","缺价","","https://fnatic.com/products/jet-pad-xl"
"mp2-0318","鼠标垫","Fnatic","Fnatic JET XD Gaming Mousepad","缺价","","https://fnatic.com/products/jet-pad-xd"
"mp2-0319","鼠标垫","ROG","ROG Balteus Mouse Pad","缺价","缺图","https://rog.asus.com/mice-mouse-pads/mouse-pads/rog-balteus-model/"
"mp2-0320","鼠标垫","ROG","ROG Balteus Qi Mouse Pad","缺价","缺图","https://rog.asus.com/mice-mouse-pads/mouse-pads/rog-balteus-qi-model/"
"mp2-0321","鼠标垫","ROG","ROG Sheath Mouse Pad","缺价","缺图","https://rog.asus.com/mice-mouse-pads/mouse-pads/rog-sheath-model/"
"mp2-0322","鼠标垫","ROG","ROG Sheath PNK LTD Mouse Pad","缺价","缺图","https://rog.asus.com/mice-mouse-pads/mouse-pads/rog-sheath-pnk-ltd-model/"
"mp2-0323","鼠标垫","ROG","ROG Strix Edge Mouse Pad","缺价","缺图","https://rog.asus.com/mice-mouse-pads/mouse-pads/rog-strix-edge-model/"
"mp2-0324","鼠标垫","ROG","ROG GM50 Mouse Pad","缺价","缺图","https://rog.asus.com/mice-mouse-pads/mouse-pads/rog-gm50-mouse-pad-model/"
"mp2-0325","鼠标垫","ROG","ROG GM50 Plus Mouse Pad","缺价","缺图","https://rog.asus.com/mice-mouse-pads/mouse-pads/rog-gm50-plus-mouse-pad-model/"
"mp2-0326","鼠标垫","ROG","ROG Scabbard Mouse Pad","缺价","缺图","https://rog.asus.com/mice-mouse-pads/mouse-pads/rog-scabbard-model/"
"mp2-0327","鼠标垫","ROG","ROG Scabbard II Mouse Pad","缺价","缺图","https://rog.asus.com/mice-mouse-pads/mouse-pads/rog-scabbard-ii-model/"
"mp2-0328","鼠标垫","ROG","ROG Scabbard II EVA Edition Mouse Pad","缺价","缺图","https://rog.asus.com/mice-mouse-pads/mouse-pads/rog-scabbard-ii-eva-edition-model/"
"mp2-0329","鼠标垫","ROG","ROG Scabbard II Arctic Gray XXL Mouse Pad","缺价","缺图","https://rog.asus.com/mice-mouse-pads/mouse-pads/rog-scabbard-ii-arctic-gray-xxl/"
"mp2-0330","鼠标垫","ROG","ROG Scabbard II XXL KJP Mouse Pad","缺价","缺图","https://rog.asus.com/mice-mouse-pads/mouse-pads/rog-scabbard-ii-xxl-kjp/"
"mp2-0331","鼠标垫","ROG","ROG Moonstone Ace L Mouse Pad","缺价","缺图","https://rog.asus.com/mice-mouse-pads/mouse-pads/rog-moonstone-ace-l/"
"mp2-0332","鼠标垫","ROG","ROG Strix Slice Mousepad","缺价","缺图","https://rog.asus.com/mice-mouse-pads/mouse-pads/rog-strix-slice-mousepad-model/"
"mp2-0333","鼠标垫","ROCCAT","ROCCAT Sense AIMO Mousepad","缺价","","https://www.turtlebeach.com/products/sense-aimo-mousepad"
"mp2-0334","鼠标垫","ROCCAT","ROCCAT Sense Core Mousepad","缺价","","https://www.turtlebeach.com/products/sense-core-mousepad"
"mp2-0335","鼠标垫","ROCCAT","ROCCAT Taito Pro Mousepad","缺价","缺图","https://www.amazon.com/s?k=ROCCAT+Taito+Pro+Mousepad+mousepad"
"mp2-0336","鼠标垫","ROCCAT","ROCCAT Control Mousepad","缺价","缺图","https://www.amazon.com/s?k=ROCCAT+Control+Mousepad+mousepad"
"mp2-0337","鼠标垫","ROCCAT","ROCCAT Speed Mousepad","缺价","缺图","https://www.amazon.com/s?k=ROCCAT+Speed+Mousepad+mousepad"
"mp2-0338","鼠标垫","ROCCAT","ROCCAT Kanga Mousepad","缺价","缺图","https://www.amazon.com/s?k=ROCCAT+Kanga+Mousepad+mousepad"
"mp2-0339","鼠标垫","Xtrfy","Xtrfy GP1 Mousepad","缺价","缺图","https://www.amazon.com/s?k=Xtrfy+GP1+Mousepad"
"mp2-0340","鼠标垫","Xtrfy","Xtrfy XGP1 Mousepad","缺价","缺图","https://www.amazon.com/s?k=Xtrfy+XGP1+Mousepad"
"mp2-0341","鼠标垫","Xtrfy","Xtrfy XTP1 Mousepad","缺价","缺图","https://www.amazon.com/s?k=Xtrfy+XTP1+Mousepad"
"mp2-0342","鼠标垫","Xtrfy","Xtrfy GP2 Mousepad","缺价","缺图","https://www.amazon.com/s?k=Xtrfy+GP2+Mousepad"
"mp2-0343","鼠标垫","Xtrfy","Xtrfy GP4 Mousepad","缺价","缺图","https://www.amazon.com/s?k=Xtrfy+GP4+Mousepad"
"mp2-0344","鼠标垫","Xtrfy","Xtrfy GP5 Mousepad","缺价","缺图","https://www.amazon.com/s?k=Xtrfy+GP5+Mousepad"
"mp2-0345","鼠标垫","Xtrfy","Xtrfy GPZ1 Mousepad","缺价","缺图","https://www.amazon.com/s?k=Xtrfy+GPZ1+Mousepad"
"mp2-0346","鼠标垫","MSI","MSI AGILITY GD10 Mouse Pad","缺价","缺图","https://www.amazon.com/s?k=MSI+AGILITY+GD10+Mouse+Pad"
"mp2-0347","鼠标垫","MSI","MSI AGILITY GD20 Mouse Pad","缺价","缺图","https://www.amazon.com/s?k=MSI+AGILITY+GD20+Mouse+Pad"
"mp2-0348","鼠标垫","MSI","MSI AGILITY GD30 Mouse Pad","缺价","缺图","https://www.amazon.com/s?k=MSI+AGILITY+GD30+Mouse+Pad"
"mp2-0349","鼠标垫","MSI","MSI AGILITY GD60 Mouse Pad","缺价","缺图","https://www.amazon.com/s?k=MSI+AGILITY+GD60+Mouse+Pad"
"mp2-0351","鼠标垫","Faster Pad","FASTER PAD GT1","缺价","缺图","https://search.taobao.com/search?q=FASTER%20PAD%20GT1"
"mp2-0352","鼠标垫","DGLOW","DGLOW 烬 鼠标垫","缺价","缺图","https://search.taobao.com/search?q=DGLOW%20%E7%83%AC%20%E9%BC%A0%E6%A0%87%E5%9E%AB"
"mp2-0353","鼠标垫","极川","极川 海盗 鼠标垫","缺价","缺图","https://search.taobao.com/search?q=%E6%9E%81%E5%B7%9D%20%E6%B5%B7%E7%9B%97%20%E9%BC%A0%E6%A0%87%E5%9E%AB"
"mp2-0354","鼠标垫","极川","极川 新星 鼠标垫","缺价","缺图","https://search.taobao.com/search?q=%E6%9E%81%E5%B7%9D%20%E6%96%B0%E6%98%9F%20%E9%BC%A0%E6%A0%87%E5%9E%AB"
"mp2-0355","鼠标垫","黑著电竞","黑著电竞 火柴人系列 鼠标垫","缺价","缺图","https://search.taobao.com/search?q=%E9%BB%91%E8%91%97%E7%94%B5%E7%AB%9E%20%E7%81%AB%E6%9F%B4%E4%BA%BA%E7%B3%BB%E5%88%97%20%E9%BC%A0%E6%A0%87%E5%9E%AB"
"mp2-0356","鼠标垫","臻火","奶龙 x 臻火 鼠标垫","缺价","缺图","https://search.taobao.com/search?q=%E5%A5%B6%E9%BE%99%20x%20%E8%87%BB%E7%81%AB%20%E9%BC%A0%E6%A0%87%E5%9E%AB"
"mp2-0357","鼠标垫","铃鹿千羽","铃鹿千羽 鼠标垫","缺价","缺图","https://search.taobao.com/search?q=%E9%93%83%E9%B9%BF%E5%8D%83%E7%BE%BD%20%E9%BC%A0%E6%A0%87%E5%9E%AB"
"hs-001","耳机","Rapoo","雷柏 VE3","","缺图","https://search.bilibili.com/all?keyword=FPS%E5%A4%96%E8%AE%BE%20%E6%8E%A8%E8%8D%90"
"hs-003","耳机","TurtleBeach","乌龟海岸 刺客500","","缺图","https://search.bilibili.com/all?keyword=FPS%E5%A4%96%E8%AE%BE%20%E6%8E%A8%E8%8D%90"
"hs-005","耳机","SteelSeries","Arctic Nova Pro Wireless","","缺图","https://search.bilibili.com/all?keyword=FPS%E5%A4%96%E8%AE%BE%20%E6%8E%A8%E8%8D%90"
"hs-007","耳机","HyperX","HyperX Cloud II","","缺图","https://www.hyperxgaming.com/"
"hs-011","耳机","Razer","雷蛇 战锤狂鲨 Pro HyperSpeed","","缺图","https://cn.razerzone.com/"
"hs-012","耳机","Razer","雷蛇 战锤狂鲨 HyperSpeed","","缺图","https://cn.razerzone.com/"
"hs-013","耳机","HyperX","HyperX Cloud III 无线版","","缺图","https://www.hpstore.cn/hyperx-gaming"
"hs-014","耳机","HyperX","HyperX Cloud Alpha Wireless","","缺图","https://www.hpstore.cn/hyperx-gaming"
"hs-016","耳机","Logitech G","罗技 G PRO X 2 LIGHTSPEED","","缺图","https://www.logitechg.com/zh-cn"
"hs-019","耳机","SteelSeries","赛睿 Arctis Nova 5 无线（2024）","","缺图","https://steelseries.com"
"hs-021","耳机","SteelSeries","赛睿 Arctis Nova 3（2024）","","缺图","https://steelseries.com"
"hs-023","耳机","ASUS ROG","ROG 棱镜 II（Delta II，2024）","","缺图","https://rog.asus.com/headsets/"
"hs-024","耳机","ASUS ROG","ROG 降临 SpeedNova（Cetra Speednova）","","缺图","https://rog.asus.com/headsets/"
"hs-025","耳机","ASUS ROG","ROG 降临 II（Cetra II）","","缺图","https://rog.asus.com/headsets/"
"hs-026","耳机","Corsair","海盗船 Virtuoso Max（2024）","","缺图","https://www.corsair.com"
"hs-027","耳机","Corsair","海盗船 HS80 RGB 无线","","缺图","https://www.corsair.com"
"hs-028","耳机","Turtle Beach","乌龟海岸 Stealth 700 Gen 3（2024）","","缺图","https://www.turtlebeach.com"
"hs-029","耳机","Turtle Beach","乌龟海岸 Atlas Air（开放式）","","缺图","https://www.turtlebeach.com"
"hs-031","耳机","Sony","索尼 INZONE H9","","缺图","https://www.sony.com/electronics/gaming-headsets"
"hs-033","耳机","Sony","索尼 INZONE Buds（入耳式）","","缺图","https://www.sony.com/electronics/gaming-headsets"
"hs-034","耳机","Beyerdynamic","拜雅 MMX 200 Wireless","","缺图","https://www.beyerdynamic.com"
"hs-035","耳机","Audeze","Audeze Maxwell（无线平板）","","缺图","https://www.audeze.com"
"hs-036","耳机","JBL","JBL Quantum 910X 无线","","缺图","https://www.jbl.com"
"hs-037","耳机","漫步者电竞 HECATE","漫步者 HECATE GX05（入耳式）","","缺图","https://search.jd.com/Search?keyword=%E6%BC%AB%E6%AD%A5%E8%80%85%20HECATE%20GX05"
"hs-038","耳机","漫步者电竞 HECATE","漫步者 HECATE G4S","","缺图","https://search.jd.com/Search?keyword=%E6%BC%AB%E6%AD%A5%E8%80%85%20HECATE%20G4S"
"hs-041","耳机","雷柏 Rapoo","雷柏 VH800 无线双模","","缺图","https://www.rapoo.com.cn"
"hs2-0001","耳机","Logitech","Logitech G435 LIGHTSPEED","缺价","缺图","https://search.jd.com/Search?keyword=Logitech%20G435%20LIGHTSPEED"
"hs2-0002","耳机","Logitech","Logitech G335","缺价","缺图","https://search.jd.com/Search?keyword=Logitech%20G335"
"hs2-0005","耳机","Logitech","Logitech G432","","缺图","https://search.jd.com/Search?keyword=Logitech%20G432"
"hs2-0006","耳机","Logitech","Logitech G535","缺价","缺图","https://search.jd.com/Search?keyword=Logitech%20G535"
"hs2-0008","耳机","Logitech","Logitech G733 LIGHTSPEED","缺价","缺图","https://search.jd.com/Search?keyword=Logitech%20G733%20LIGHTSPEED"
"hs2-0009","耳机","Logitech","Logitech G735","缺价","缺图","https://search.jd.com/Search?keyword=Logitech%20G735"
"hs2-0013","耳机","Logitech","Logitech G Astro A10 Gen 2","缺价","缺图","https://search.jd.com/Search?keyword=Logitech%20G%20Astro%20A10%20Gen%202"
"hs2-0015","耳机","Logitech","Logitech G Astro A20 Gen 2","缺价","缺图","https://search.jd.com/Search?keyword=Logitech%20G%20Astro%20A20%20Gen%202"
"hs2-0016","耳机","Logitech","Logitech G Astro A30","缺价","缺图","https://search.jd.com/Search?keyword=Logitech%20G%20Astro%20A30"
"hs2-0017","耳机","Logitech","Logitech G Astro A40 TR","缺价","缺图","https://search.jd.com/Search?keyword=Logitech%20G%20Astro%20A40%20TR"
"hs2-0018","耳机","Logitech","Logitech G Astro A50 X LIGHTSPEED","缺价","缺图","https://search.jd.com/Search?keyword=Logitech%20G%20Astro%20A50%20X%20LIGHTSPEED"
"hs2-0021","耳机","Logitech","Logitech H540","缺价","缺图","https://search.jd.com/Search?keyword=Logitech%20H540"
"hs2-0024","耳机","Logitech","Logitech H850","缺价","缺图","https://search.jd.com/Search?keyword=Logitech%20H850"
"hs2-0025","耳机","Logitech","Logitech H865e","缺价","缺图","https://search.jd.com/Search?keyword=Logitech%20H865e"
"hs2-0032","耳机","Logitech","Logitech Zone 900","缺价","缺图","https://search.jd.com/Search?keyword=Logitech%20Zone%20900"
"hs2-0035","耳机","Razer","Razer BlackShark V2","缺价","缺图","https://search.jd.com/Search?keyword=Razer%20BlackShark%20V2"
"hs2-0036","耳机","Razer","Razer BlackShark V2 Hyperspeed","缺价","缺图","https://search.jd.com/Search?keyword=Razer%20BlackShark%20V2%20Hyperspeed"
"hs2-0038","耳机","Razer","Razer BlackShark V2 Pro for PlayStation","缺价","缺图","https://search.jd.com/Search?keyword=Razer%20BlackShark%20V2%20Pro%20for%20PlayStation"
"hs2-0039","耳机","Razer","Razer BlackShark V2 Pro for Xbox","缺价","缺图","https://search.jd.com/Search?keyword=Razer%20BlackShark%20V2%20Pro%20for%20Xbox"
"hs2-0040","耳机","Razer","Razer BlackShark V3 X HyperSpeed","缺价","缺图","https://search.jd.com/Search?keyword=Razer%20BlackShark%20V3%20X%20HyperSpeed"
"hs2-0043","耳机","Razer","Razer BlackShark V3 Pro Niko Edition","缺价","缺图","https://search.jd.com/Search?keyword=Razer%20BlackShark%20V3%20Pro%20Niko%20Edition"
"hs2-0045","耳机","Razer","Razer Kraken X Lite","缺价","缺图","https://search.jd.com/Search?keyword=Razer%20Kraken%20X%20Lite"
"hs2-0047","耳机","Razer","Razer Kraken V3","缺价","缺图","https://search.jd.com/Search?keyword=Razer%20Kraken%20V3"
"hs2-0057","耳机","Razer","Razer Barracuda","缺价","缺图","https://search.jd.com/Search?keyword=Razer%20Barracuda"
"hs2-0059","耳机","Razer","Razer Kaira X","缺价","缺图","https://search.jd.com/Search?keyword=Razer%20Kaira%20X"
"hs2-0060","耳机","Razer","Razer Kaira Pro","缺价","缺图","https://search.jd.com/Search?keyword=Razer%20Kaira%20Pro"
"hs2-0062","耳机","Razer","Razer Opus X","缺价","缺图","https://search.jd.com/Search?keyword=Razer%20Opus%20X"
"hs2-0065","耳机","Razer","Razer Hammerhead Pro HyperSpeed","缺价","缺图","https://search.jd.com/Search?keyword=Razer%20Hammerhead%20Pro%20HyperSpeed"
"hs2-0066","耳机","Razer","Razer Hammerhead HyperSpeed","缺价","缺图","https://search.jd.com/Search?keyword=Razer%20Hammerhead%20HyperSpeed"
"hs2-0068","耳机","SteelSeries","SteelSeries Arctis 1","缺价","缺图","https://search.jd.com/Search?keyword=SteelSeries%20Arctis%201"
"hs2-0069","耳机","SteelSeries","SteelSeries Arctis 1 Wireless","缺价","缺图","https://search.jd.com/Search?keyword=SteelSeries%20Arctis%201%20Wireless"
"hs2-0072","耳机","SteelSeries","SteelSeries Arctis 7","缺价","缺图","https://search.jd.com/Search?keyword=SteelSeries%20Arctis%207"
"hs2-0074","耳机","SteelSeries","SteelSeries Arctis 7P+","缺价","缺图","https://search.jd.com/Search?keyword=SteelSeries%20Arctis%207P%2B"
"hs2-0075","耳机","SteelSeries","SteelSeries Arctis 7X","缺价","缺图","https://search.jd.com/Search?keyword=SteelSeries%20Arctis%207X"
"hs2-0076","耳机","SteelSeries","SteelSeries Arctis 9","缺价","缺图","https://search.jd.com/Search?keyword=SteelSeries%20Arctis%209"
"hs2-0077","耳机","SteelSeries","SteelSeries Arctis 9X","","缺图","https://search.jd.com/Search?keyword=SteelSeries%20Arctis%209X"
"hs2-0078","耳机","SteelSeries","SteelSeries Arctis Pro","缺价","缺图","https://search.jd.com/Search?keyword=SteelSeries%20Arctis%20Pro"
"hs2-0083","耳机","SteelSeries","SteelSeries Arctis Nova 3 Wireless","缺价","缺图","https://search.jd.com/Search?keyword=SteelSeries%20Arctis%20Nova%203%20Wireless"
"hs2-0084","耳机","SteelSeries","SteelSeries Arctis Nova 3P Wireless","缺价","缺图","https://search.jd.com/Search?keyword=SteelSeries%20Arctis%20Nova%203P%20Wireless"
"hs2-0085","耳机","SteelSeries","SteelSeries Arctis Nova 3X Wireless","缺价","缺图","https://search.jd.com/Search?keyword=SteelSeries%20Arctis%20Nova%203X%20Wireless"
"hs2-0086","耳机","SteelSeries","SteelSeries Arctis Nova 5","缺价","缺图","https://search.jd.com/Search?keyword=SteelSeries%20Arctis%20Nova%205"
"hs2-0087","耳机","SteelSeries","SteelSeries Arctis Nova 5 Wireless","缺价","缺图","https://search.jd.com/Search?keyword=SteelSeries%20Arctis%20Nova%205%20Wireless"
"hs2-0089","耳机","SteelSeries","SteelSeries Arctis Nova 7 Wireless Gen 2","缺价","缺图","https://search.jd.com/Search?keyword=SteelSeries%20Arctis%20Nova%207%20Wireless%20Gen%202"
"hs2-0091","耳机","SteelSeries","SteelSeries Arctis Nova 7X","缺价","缺图","https://search.jd.com/Search?keyword=SteelSeries%20Arctis%20Nova%207X"
"hs2-0092","耳机","SteelSeries","SteelSeries Arctis Nova Pro","","缺图","https://search.jd.com/Search?keyword=SteelSeries%20Arctis%20Nova%20Pro"
"hs2-0097","耳机","SteelSeries","SteelSeries Arctis GameBuds for PlayStation","缺价","缺图","https://search.jd.com/Search?keyword=SteelSeries%20Arctis%20GameBuds%20for%20PlayStation"
"hs2-0098","耳机","SteelSeries","SteelSeries Arctis GameBuds for Xbox","缺价","缺图","https://search.jd.com/Search?keyword=SteelSeries%20Arctis%20GameBuds%20for%20Xbox"
"hs2-0099","耳机","SteelSeries","SteelSeries Siberia 800","缺价","缺图","https://search.jd.com/Search?keyword=SteelSeries%20Siberia%20800"
"hs2-0101","耳机","SteelSeries","SteelSeries Siberia V3","缺价","缺图","https://search.jd.com/Search?keyword=SteelSeries%20Siberia%20V3"
"hs2-0103","耳机","HyperX","HyperX Cloud Stinger 2 Core","缺价","缺图","https://search.jd.com/Search?keyword=HyperX%20Cloud%20Stinger%202%20Core"
"hs2-0104","耳机","HyperX","HyperX Cloud Stinger 2 Wireless","缺价","缺图","https://search.jd.com/Search?keyword=HyperX%20Cloud%20Stinger%202%20Wireless"
"hs2-0105","耳机","HyperX","HyperX Cloud Stinger Core 7.1","缺价","缺图","https://search.jd.com/Search?keyword=HyperX%20Cloud%20Stinger%20Core%207.1"
"hs2-0106","耳机","HyperX","HyperX CloudX Stinger 3 Wireless","缺价","缺图","https://search.jd.com/Search?keyword=HyperX%20CloudX%20Stinger%203%20Wireless"
"hs2-0107","耳机","HyperX","HyperX Cloud II Core","缺价","缺图","https://search.jd.com/Search?keyword=HyperX%20Cloud%20II%20Core"
"hs2-0108","耳机","HyperX","HyperX Cloud II Wireless","缺价","缺图","https://search.jd.com/Search?keyword=HyperX%20Cloud%20II%20Wireless"
"hs2-0109","耳机","HyperX","HyperX Cloud III Wireless","缺价","缺图","https://search.jd.com/Search?keyword=HyperX%20Cloud%20III%20Wireless"
"hs2-0111","耳机","HyperX","HyperX Cloud Alpha S","缺价","缺图","https://search.jd.com/Search?keyword=HyperX%20Cloud%20Alpha%20S"
"hs2-0112","耳机","HyperX","HyperX Cloud Flight","缺价","缺图","https://search.jd.com/Search?keyword=HyperX%20Cloud%20Flight"
"hs2-0113","耳机","HyperX","HyperX Cloud Flight S","缺价","缺图","https://search.jd.com/Search?keyword=HyperX%20Cloud%20Flight%20S"
"hs2-0114","耳机","HyperX","HyperX CloudX Flight 2 Wireless","缺价","缺图","https://search.jd.com/Search?keyword=HyperX%20CloudX%20Flight%202%20Wireless"
"hs2-0115","耳机","HyperX","HyperX Cloud Revolver","缺价","缺图","https://search.jd.com/Search?keyword=HyperX%20Cloud%20Revolver"
"hs2-0116","耳机","HyperX","HyperX Cloud Revolver S","缺价","缺图","https://search.jd.com/Search?keyword=HyperX%20Cloud%20Revolver%20S"
"hs2-0117","耳机","HyperX","HyperX Cloud MIX","缺价","缺图","https://search.jd.com/Search?keyword=HyperX%20Cloud%20MIX"
"hs2-0119","耳机","HyperX","HyperX Cloud MIX Buds","缺价","缺图","https://search.jd.com/Search?keyword=HyperX%20Cloud%20MIX%20Buds"
"hs2-0120","耳机","HyperX","HyperX Cloud Buds","缺价","缺图","https://search.jd.com/Search?keyword=HyperX%20Cloud%20Buds"
"hs2-0121","耳机","HyperX","HyperX CloudX Stinger","缺价","缺图","https://search.jd.com/Search?keyword=HyperX%20CloudX%20Stinger"
"hs2-0122","耳机","Corsair","Corsair HS35","缺价","缺图","https://search.jd.com/Search?keyword=Corsair%20HS35"
"hs2-0123","耳机","Corsair","Corsair HS35 Stereo","缺价","缺图","https://search.jd.com/Search?keyword=Corsair%20HS35%20Stereo"
"hs2-0124","耳机","Corsair","Corsair HS40","缺价","缺图","https://search.jd.com/Search?keyword=Corsair%20HS40"
"hs2-0125","耳机","Corsair","Corsair HS50","缺价","缺图","https://search.jd.com/Search?keyword=Corsair%20HS50"
"hs2-0126","耳机","Corsair","Corsair HS50 Pro","缺价","缺图","https://search.jd.com/Search?keyword=Corsair%20HS50%20Pro"
"hs2-0127","耳机","Corsair","Corsair HS55","缺价","缺图","https://search.jd.com/Search?keyword=Corsair%20HS55"
"hs2-0128","耳机","Corsair","Corsair HS55 Surround","缺价","缺图","https://search.jd.com/Search?keyword=Corsair%20HS55%20Surround"
"hs2-0130","耳机","Corsair","Corsair HS60","缺价","缺图","https://search.jd.com/Search?keyword=Corsair%20HS60"
"hs2-0131","耳机","Corsair","Corsair HS60 Pro","缺价","缺图","https://search.jd.com/Search?keyword=Corsair%20HS60%20Pro"
"hs2-0132","耳机","Corsair","Corsair HS60 Pro Surround","缺价","缺图","https://search.jd.com/Search?keyword=Corsair%20HS60%20Pro%20Surround"
"hs2-0133","耳机","Corsair","Corsair HS65","缺价","缺图","https://search.jd.com/Search?keyword=Corsair%20HS65"
"hs2-0134","耳机","Corsair","Corsair HS65 Surround","缺价","缺图","https://search.jd.com/Search?keyword=Corsair%20HS65%20Surround"
"hs2-0135","耳机","Corsair","Corsair HS70 Pro Wireless","缺价","缺图","https://search.jd.com/Search?keyword=Corsair%20HS70%20Pro%20Wireless"
"hs2-0139","耳机","Corsair","Corsair HS80 RGB Wireless","缺价","缺图","https://search.jd.com/Search?keyword=Corsair%20HS80%20RGB%20Wireless"
"hs2-0141","耳机","Corsair","Corsair VOID Elite","缺价","缺图","https://search.jd.com/Search?keyword=Corsair%20VOID%20Elite"
"hs2-0142","耳机","Corsair","Corsair VOID Elite Surround","缺价","缺图","https://search.jd.com/Search?keyword=Corsair%20VOID%20Elite%20Surround"
"hs2-0143","耳机","Corsair","Corsair VOID Elite RGB Wireless","缺价","缺图","https://search.jd.com/Search?keyword=Corsair%20VOID%20Elite%20RGB%20Wireless"
"hs2-0144","耳机","Corsair","Corsair VOID RGB","缺价","缺图","https://search.jd.com/Search?keyword=Corsair%20VOID%20RGB"
"hs2-0145","耳机","Corsair","Corsair VOID Pro","缺价","缺图","https://search.jd.com/Search?keyword=Corsair%20VOID%20Pro"
"hs2-0148","耳机","Corsair","Corsair Virtuoso RGB Wireless","缺价","缺图","https://search.jd.com/Search?keyword=Corsair%20Virtuoso%20RGB%20Wireless"
"hs2-0149","耳机","Corsair","Corsair Virtuoso RGB Wireless XT","缺价","缺图","https://search.jd.com/Search?keyword=Corsair%20Virtuoso%20RGB%20Wireless%20XT"
"hs2-0150","耳机","Corsair","Corsair Virtuoso Max","缺价","缺图","https://search.jd.com/Search?keyword=Corsair%20Virtuoso%20Max"
"hs2-0152","耳机","Sony","Sony WH-1000XM4","缺价","缺图","https://search.jd.com/Search?keyword=Sony%20WH-1000XM4"
"hs2-0161","耳机","Sony","Sony WF-1000XM4","缺价","缺图","https://search.jd.com/Search?keyword=Sony%20WF-1000XM4"
"hs2-0162","耳机","Sony","Sony WF-1000XM5","缺价","缺图","https://search.jd.com/Search?keyword=Sony%20WF-1000XM5"
"hs2-0168","耳机","Sony","Sony LinkBuds","缺价","缺图","https://search.jd.com/Search?keyword=Sony%20LinkBuds"
"hs2-0169","耳机","Sony","Sony LinkBuds S","缺价","缺图","https://search.jd.com/Search?keyword=Sony%20LinkBuds%20S"
"hs2-0172","耳机","Sony","Sony LinkBuds for Gaming","缺价","缺图","https://search.jd.com/Search?keyword=Sony%20LinkBuds%20for%20Gaming"
"hs2-0175","耳机","Sony","Sony INZONE H7","","缺图","https://search.jd.com/Search?keyword=Sony%20INZONE%20H7"
"hs2-0177","耳机","Sony","Sony INZONE Buds","","缺图","https://search.jd.com/Search?keyword=Sony%20INZONE%20Buds"
"hs2-0183","耳机","Sony","Sony MDR-1AM2","缺价","缺图","https://search.jd.com/Search?keyword=Sony%20MDR-1AM2"
"hs2-0188","耳机","Audeze","Audeze Maxwell 2 ANC","缺价","缺图","https://search.jd.com/Search?keyword=Audeze%20Maxwell%202%20ANC"
"hs2-0189","耳机","Audeze","Audeze Maxwell 2","缺价","缺图","https://search.jd.com/Search?keyword=Audeze%20Maxwell%202"
"hs2-0190","耳机","Audeze","Audeze Maxwell","缺价","缺图","https://search.jd.com/Search?keyword=Audeze%20Maxwell"
"hs2-0191","耳机","Audeze","Audeze Maxwell for PlayStation","缺价","缺图","https://search.jd.com/Search?keyword=Audeze%20Maxwell%20for%20PlayStation"
"hs2-0192","耳机","Audeze","Audeze Maxwell for Xbox","缺价","缺图","https://search.jd.com/Search?keyword=Audeze%20Maxwell%20for%20Xbox"
"hs2-0193","耳机","Audeze","Audeze LCD-S20","缺价","缺图","https://search.jd.com/Search?keyword=Audeze%20LCD-S20"
"hs2-0194","耳机","Audeze","Audeze LCD-5s","缺价","缺图","https://search.jd.com/Search?keyword=Audeze%20LCD-5s"
"hs2-0195","耳机","Audeze","Audeze LCD-5","缺价","缺图","https://search.jd.com/Search?keyword=Audeze%20LCD-5"
"hs2-0196","耳机","Audeze","Audeze LCD-3","缺价","缺图","https://search.jd.com/Search?keyword=Audeze%20LCD-3"
"hs2-0199","耳机","Audeze","Audeze LCD-2 Closed Back","缺价","缺图","https://search.jd.com/Search?keyword=Audeze%20LCD-2%20Closed%20Back"
"hs2-0201","耳机","Audeze","Audeze LCD-XC","缺价","缺图","https://search.jd.com/Search?keyword=Audeze%20LCD-XC"
"hs2-0202","耳机","Audeze","Audeze LCD-GX","缺价","缺图","https://search.jd.com/Search?keyword=Audeze%20LCD-GX"
"hs2-0206","耳机","Audeze","Audeze MM-520","缺价","缺图","https://search.jd.com/Search?keyword=Audeze%20MM-520"
"hs2-0207","耳机","Audeze","Audeze CRBN2 Electrostatic","缺价","缺图","https://search.jd.com/Search?keyword=Audeze%20CRBN2%20Electrostatic"
"hs2-0209","耳机","Audeze","Audeze Penrose","缺价","缺图","https://search.jd.com/Search?keyword=Audeze%20Penrose"
"hs2-0210","耳机","Audeze","Audeze Penrose X","缺价","缺图","https://search.jd.com/Search?keyword=Audeze%20Penrose%20X"
"hs2-0211","耳机","Audeze","Audeze Euclid","缺价","缺图","https://search.jd.com/Search?keyword=Audeze%20Euclid"
"hs2-0212","耳机","Audeze","Audeze iSINE 10","缺价","缺图","https://search.jd.com/Search?keyword=Audeze%20iSINE%2010"
"hs2-0213","耳机","Audeze","Audeze iSINE 20","缺价","缺图","https://search.jd.com/Search?keyword=Audeze%20iSINE%2020"
"hs2-0216","耳机","Beyerdynamic","Beyerdynamic DT 770 PRO X LE","缺价","缺图","https://search.jd.com/Search?keyword=Beyerdynamic%20DT%20770%20PRO%20X%20LE"
"hs2-0218","耳机","Beyerdynamic","Beyerdynamic DT 880 Edition","缺价","缺图","https://search.jd.com/Search?keyword=Beyerdynamic%20DT%20880%20Edition"
"hs2-0229","耳机","Beyerdynamic","Beyerdynamic DT 250","缺价","缺图","https://search.jd.com/Search?keyword=Beyerdynamic%20DT%20250"
"hs2-0231","耳机","Beyerdynamic","Beyerdynamic Custom One Pro Plus","缺价","缺图","https://search.jd.com/Search?keyword=Beyerdynamic%20Custom%20One%20Pro%20Plus"
"hs2-0232","耳机","Beyerdynamic","Beyerdynamic Custom Game","缺价","缺图","https://search.jd.com/Search?keyword=Beyerdynamic%20Custom%20Game"
"hs2-0239","耳机","Beyerdynamic","Beyerdynamic Blue BYRD","缺价","缺图","https://search.jd.com/Search?keyword=Beyerdynamic%20Blue%20BYRD"
"hs2-0241","耳机","Beyerdynamic","Beyerdynamic Aventho Wireless","缺价","缺图","https://search.jd.com/Search?keyword=Beyerdynamic%20Aventho%20Wireless"
"hs2-0243","耳机","Beyerdynamic","Beyerdynamic Lagoon ANC","缺价","缺图","https://search.jd.com/Search?keyword=Beyerdynamic%20Lagoon%20ANC"
"hs2-0245","耳机","Beyerdynamic","Beyerdynamic T1","缺价","缺图","https://search.jd.com/Search?keyword=Beyerdynamic%20T1"
"hs2-0254","耳机","Sennheiser","Sennheiser HD 660S","缺价","缺图","https://search.jd.com/Search?keyword=Sennheiser%20HD%20660S"
"hs2-0269","耳机","Sennheiser","Sennheiser Momentum True Wireless 4","缺价","缺图","https://search.jd.com/Search?keyword=Sennheiser%20Momentum%20True%20Wireless%204"
"hs2-0271","耳机","Sennheiser","Sennheiser Accentum Wireless","缺价","缺图","https://search.jd.com/Search?keyword=Sennheiser%20Accentum%20Wireless"
"hs2-0274","耳机","Sennheiser","Sennheiser CX Plus","缺价","缺图","https://search.jd.com/Search?keyword=Sennheiser%20CX%20Plus"
"hs2-0275","耳机","Sennheiser","Sennheiser CX True Wireless","缺价","缺图","https://search.jd.com/Search?keyword=Sennheiser%20CX%20True%20Wireless"
"hs2-0281","耳机","Sennheiser","Sennheiser GSP 600","缺价","缺图","https://search.jd.com/Search?keyword=Sennheiser%20GSP%20600"
"hs2-0287","耳机","EPOS","EPOS H6PRO Open","缺价","缺图","https://search.jd.com/Search?keyword=EPOS%20H6PRO%20Open"
"hs2-0288","耳机","EPOS","EPOS Sennheiser GSP 300","缺价","缺图","https://search.jd.com/Search?keyword=EPOS%20Sennheiser%20GSP%20300"
"hs2-0289","耳机","EPOS","EPOS Sennheiser GSP 301","缺价","缺图","https://search.jd.com/Search?keyword=EPOS%20Sennheiser%20GSP%20301"
"hs2-0290","耳机","EPOS","EPOS Sennheiser GSP 302","缺价","缺图","https://search.jd.com/Search?keyword=EPOS%20Sennheiser%20GSP%20302"
"hs2-0291","耳机","EPOS","EPOS Sennheiser GSP 350","缺价","缺图","https://search.jd.com/Search?keyword=EPOS%20Sennheiser%20GSP%20350"
"hs2-0292","耳机","EPOS","EPOS Sennheiser GSP 370","缺价","缺图","https://search.jd.com/Search?keyword=EPOS%20Sennheiser%20GSP%20370"
"hs2-0293","耳机","EPOS","EPOS Sennheiser GSP 500","缺价","缺图","https://search.jd.com/Search?keyword=EPOS%20Sennheiser%20GSP%20500"
"hs2-0294","耳机","EPOS","EPOS Sennheiser GSP 550","缺价","缺图","https://search.jd.com/Search?keyword=EPOS%20Sennheiser%20GSP%20550"
"hs2-0295","耳机","EPOS","EPOS Sennheiser GSP 600","缺价","缺图","https://search.jd.com/Search?keyword=EPOS%20Sennheiser%20GSP%20600"
"hs2-0296","耳机","EPOS","EPOS Sennheiser GSP 601","缺价","缺图","https://search.jd.com/Search?keyword=EPOS%20Sennheiser%20GSP%20601"
"hs2-0297","耳机","EPOS","EPOS Sennheiser GSP 602","缺价","缺图","https://search.jd.com/Search?keyword=EPOS%20Sennheiser%20GSP%20602"
"hs2-0298","耳机","EPOS","EPOS Sennheiser GSP 670","缺价","缺图","https://search.jd.com/Search?keyword=EPOS%20Sennheiser%20GSP%20670"
"hs2-0301","耳机","EPOS","EPOS Adapt 330","缺价","缺图","https://search.jd.com/Search?keyword=EPOS%20Adapt%20330"
"hs2-0304","耳机","EPOS","EPOS Adapt 135","缺价","缺图","https://search.jd.com/Search?keyword=EPOS%20Adapt%20135"
"hs2-0305","耳机","EPOS","EPOS Adapt 160T","缺价","缺图","https://search.jd.com/Search?keyword=EPOS%20Adapt%20160T"
"hs2-0306","耳机","Turtle Beach","Turtle Beach Recon 50","缺价","缺图","https://search.jd.com/Search?keyword=Turtle%20Beach%20Recon%2050"
"hs2-0307","耳机","Turtle Beach","Turtle Beach Recon 50X","缺价","缺图","https://search.jd.com/Search?keyword=Turtle%20Beach%20Recon%2050X"
"hs2-0308","耳机","Turtle Beach","Turtle Beach Recon 70","缺价","缺图","https://search.jd.com/Search?keyword=Turtle%20Beach%20Recon%2070"
"hs2-0309","耳机","Turtle Beach","Turtle Beach Recon 200","缺价","缺图","https://search.jd.com/Search?keyword=Turtle%20Beach%20Recon%20200"
"hs2-0310","耳机","Turtle Beach","Turtle Beach Recon 200 Gen 2","缺价","缺图","https://search.jd.com/Search?keyword=Turtle%20Beach%20Recon%20200%20Gen%202"
"hs2-0313","耳机","Turtle Beach","Turtle Beach Stealth 600 Gen 2","缺价","缺图","https://search.jd.com/Search?keyword=Turtle%20Beach%20Stealth%20600%20Gen%202"
"hs2-0314","耳机","Turtle Beach","Turtle Beach Stealth 600 Gen 2 MAX","缺价","缺图","https://search.jd.com/Search?keyword=Turtle%20Beach%20Stealth%20600%20Gen%202%20MAX"
"hs2-0315","耳机","Turtle Beach","Turtle Beach Stealth 600 Gen 2 USB","缺价","缺图","https://search.jd.com/Search?keyword=Turtle%20Beach%20Stealth%20600%20Gen%202%20USB"
"hs2-0316","耳机","Turtle Beach","Turtle Beach Stealth 600 Gen 3","缺价","缺图","https://search.jd.com/Search?keyword=Turtle%20Beach%20Stealth%20600%20Gen%203"
"hs2-0317","耳机","Turtle Beach","Turtle Beach Stealth 700 Gen 2","缺价","缺图","https://search.jd.com/Search?keyword=Turtle%20Beach%20Stealth%20700%20Gen%202"
"hs2-0318","耳机","Turtle Beach","Turtle Beach Stealth 700 Gen 2 MAX","缺价","缺图","https://search.jd.com/Search?keyword=Turtle%20Beach%20Stealth%20700%20Gen%202%20MAX"
"hs2-0319","耳机","Turtle Beach","Turtle Beach Stealth 700 Gen 3","缺价","缺图","https://search.jd.com/Search?keyword=Turtle%20Beach%20Stealth%20700%20Gen%203"
"hs2-0320","耳机","Turtle Beach","Turtle Beach Stealth Pro","缺价","缺图","https://search.jd.com/Search?keyword=Turtle%20Beach%20Stealth%20Pro"
"hs2-0321","耳机","Turtle Beach","Turtle Beach Stealth 500","缺价","缺图","https://search.jd.com/Search?keyword=Turtle%20Beach%20Stealth%20500"
"hs2-0322","耳机","Turtle Beach","Turtle Beach Stealth Pivot","缺价","缺图","https://search.jd.com/Search?keyword=Turtle%20Beach%20Stealth%20Pivot"
"hs2-0323","耳机","Turtle Beach","Turtle Beach Atlas One","缺价","缺图","https://search.jd.com/Search?keyword=Turtle%20Beach%20Atlas%20One"
"hs2-0324","耳机","Turtle Beach","Turtle Beach Atlas Air","缺价","缺图","https://search.jd.com/Search?keyword=Turtle%20Beach%20Atlas%20Air"
"hs2-0325","耳机","Turtle Beach","Turtle Beach Atlas Four","缺价","缺图","https://search.jd.com/Search?keyword=Turtle%20Beach%20Atlas%20Four"
"hs2-0326","耳机","Turtle Beach","Turtle Beach Elite Atlas","缺价","缺图","https://search.jd.com/Search?keyword=Turtle%20Beach%20Elite%20Atlas"
"hs2-0327","耳机","Turtle Beach","Turtle Beach Elite Atlas Aero","缺价","缺图","https://search.jd.com/Search?keyword=Turtle%20Beach%20Elite%20Atlas%20Aero"
"hs2-0328","耳机","Turtle Beach","Turtle Beach Elite Pro 2","缺价","缺图","https://search.jd.com/Search?keyword=Turtle%20Beach%20Elite%20Pro%202"
"hs2-0329","耳机","Turtle Beach","Turtle Beach Battle Buds","缺价","缺图","https://search.jd.com/Search?keyword=Turtle%20Beach%20Battle%20Buds"
"hs2-0331","耳机","JBL","JBL Quantum 200","缺价","缺图","https://search.jd.com/Search?keyword=JBL%20Quantum%20200"
"hs2-0332","耳机","JBL","JBL Quantum 300","缺价","缺图","https://search.jd.com/Search?keyword=JBL%20Quantum%20300"
"hs2-0333","耳机","JBL","JBL Quantum 350","缺价","缺图","https://search.jd.com/Search?keyword=JBL%20Quantum%20350"
"hs2-0334","耳机","JBL","JBL Quantum 360X","","缺图","https://search.jd.com/Search?keyword=JBL%20Quantum%20360X"
"hs2-0335","耳机","JBL","JBL Quantum 360P","","缺图","https://search.jd.com/Search?keyword=JBL%20Quantum%20360P"
"hs2-0337","耳机","JBL","JBL Quantum 600","缺价","缺图","https://search.jd.com/Search?keyword=JBL%20Quantum%20600"
"hs2-0338","耳机","JBL","JBL Quantum 610","缺价","缺图","https://search.jd.com/Search?keyword=JBL%20Quantum%20610"
"hs2-0339","耳机","JBL","JBL Quantum 800","缺价","缺图","https://search.jd.com/Search?keyword=JBL%20Quantum%20800"
"hs2-0341","耳机","JBL","JBL Quantum 900","缺价","缺图","https://search.jd.com/Search?keyword=JBL%20Quantum%20900"
"hs2-0342","耳机","JBL","JBL Quantum 910 Wireless","缺价","缺图","https://search.jd.com/Search?keyword=JBL%20Quantum%20910%20Wireless"
"hs2-0343","耳机","JBL","JBL Tune 510BT","缺价","缺图","https://search.jd.com/Search?keyword=JBL%20Tune%20510BT"
"hs2-0347","耳机","JBL","JBL Tune 125TWS","缺价","缺图","https://search.jd.com/Search?keyword=JBL%20Tune%20125TWS"
"hs2-0348","耳机","JBL","JBL Tune 130NC","缺价","缺图","https://search.jd.com/Search?keyword=JBL%20Tune%20130NC"
"hs2-0349","耳机","JBL","JBL Tune 230NC","缺价","缺图","https://search.jd.com/Search?keyword=JBL%20Tune%20230NC"
"hs2-0350","耳机","JBL","JBL Tune 235NC","缺价","缺图","https://search.jd.com/Search?keyword=JBL%20Tune%20235NC"
"hs2-0353","耳机","JBL","JBL Tune Buds","缺价","缺图","https://search.jd.com/Search?keyword=JBL%20Tune%20Buds"
"hs2-0354","耳机","JBL","JBL Live 460NC","缺价","缺图","https://search.jd.com/Search?keyword=JBL%20Live%20460NC"
"hs2-0355","耳机","JBL","JBL Live 660NC","缺价","缺图","https://search.jd.com/Search?keyword=JBL%20Live%20660NC"
"hs2-0356","耳机","JBL","JBL Live 670NC","缺价","缺图","https://search.jd.com/Search?keyword=JBL%20Live%20670NC"
"hs2-0362","耳机","JBL","JBL Tour Pro 2","缺价","缺图","https://search.jd.com/Search?keyword=JBL%20Tour%20Pro%202"
"hs2-0364","耳机","JBL","JBL Vibe Beam","缺价","缺图","https://search.jd.com/Search?keyword=JBL%20Vibe%20Beam"
"hs2-0365","耳机","JBL","JBL Vibe Buds","缺价","缺图","https://search.jd.com/Search?keyword=JBL%20Vibe%20Buds"
"hs2-0366","耳机","JBL","JBL Vibe Flex","缺价","缺图","https://search.jd.com/Search?keyword=JBL%20Vibe%20Flex"
"hs2-0368","耳机","JBL","JBL Reflect Aero","缺价","缺图","https://search.jd.com/Search?keyword=JBL%20Reflect%20Aero"
"hs2-0374","耳机","Audio-Technica","Audio-Technica ATH-M50xSTS","缺价","缺图","https://search.jd.com/Search?keyword=Audio-Technica%20ATH-M50xSTS"
"hs2-0375","耳机","Audio-Technica","Audio-Technica ATH-M50xSTS-USB","缺价","缺图","https://search.jd.com/Search?keyword=Audio-Technica%20ATH-M50xSTS-USB"
"hs2-0378","耳机","Audio-Technica","Audio-Technica ATH-M20xBT","缺价","缺图","https://search.jd.com/Search?keyword=Audio-Technica%20ATH-M20xBT"
"hs2-0379","耳机","Audio-Technica","Audio-Technica ATH-M40xBT","缺价","缺图","https://search.jd.com/Search?keyword=Audio-Technica%20ATH-M40xBT"
"hs2-0381","耳机","Audio-Technica","Audio-Technica ATH-SR50BT","缺价","缺图","https://search.jd.com/Search?keyword=Audio-Technica%20ATH-SR50BT"
"hs2-0383","耳机","Audio-Technica","Audio-Technica ATH-ANC500BT","缺价","缺图","https://search.jd.com/Search?keyword=Audio-Technica%20ATH-ANC500BT"
"hs2-0384","耳机","Audio-Technica","Audio-Technica ATH-R70x","缺价","缺图","https://search.jd.com/Search?keyword=Audio-Technica%20ATH-R70x"
"hs2-0386","耳机","Audio-Technica","Audio-Technica ATH-AD700X","缺价","缺图","https://search.jd.com/Search?keyword=Audio-Technica%20ATH-AD700X"
"hs2-0389","耳机","Audio-Technica","Audio-Technica ATH-PDG1","缺价","缺图","https://search.jd.com/Search?keyword=Audio-Technica%20ATH-PDG1"
"hs2-0391","耳机","Audio-Technica","Audio-Technica ATH-GL3","缺价","缺图","https://search.jd.com/Search?keyword=Audio-Technica%20ATH-GL3"
"hs2-0392","耳机","Audio-Technica","Audio-Technica ATH-G1","缺价","缺图","https://search.jd.com/Search?keyword=Audio-Technica%20ATH-G1"
"hs2-0393","耳机","Audio-Technica","Audio-Technica ATH-G1WL","缺价","缺图","https://search.jd.com/Search?keyword=Audio-Technica%20ATH-G1WL"
"hs2-0401","耳机","Philips","Philips Fidelio X1","缺价","缺图","https://search.jd.com/Search?keyword=Philips%20Fidelio%20X1"
"hs2-0402","耳机","Philips","Philips Fidelio X2HR","缺价","缺图","https://search.jd.com/Search?keyword=Philips%20Fidelio%20X2HR"
"hs2-0403","耳机","Philips","Philips Fidelio X3","缺价","缺图","https://search.jd.com/Search?keyword=Philips%20Fidelio%20X3"
"hs2-0404","耳机","Philips","Philips Fidelio L3","缺价","缺图","https://search.jd.com/Search?keyword=Philips%20Fidelio%20L3"
"hs2-0406","耳机","Philips","Philips Fidelio T2","缺价","缺图","https://search.jd.com/Search?keyword=Philips%20Fidelio%20T2"
"hs2-0409","耳机","Philips","Philips SHP9600MB","缺价","缺图","https://search.jd.com/Search?keyword=Philips%20SHP9600MB"
"hs2-0413","耳机","Philips","Philips TAH7508","缺价","缺图","https://search.jd.com/Search?keyword=Philips%20TAH7508"
"hs2-0414","耳机","Philips","Philips TAH8505","缺价","缺图","https://search.jd.com/Search?keyword=Philips%20TAH8505"
"hs2-0415","耳机","Philips","Philips TAH8856","缺价","缺图","https://search.jd.com/Search?keyword=Philips%20TAH8856"
"hs2-0416","耳机","Philips","Philips TAH8857","缺价","缺图","https://search.jd.com/Search?keyword=Philips%20TAH8857"
"hs2-0418","耳机","Philips","Philips TAT1215","缺价","缺图","https://search.jd.com/Search?keyword=Philips%20TAT1215"
"hs2-0419","耳机","Philips","Philips TAT2236","缺价","缺图","https://search.jd.com/Search?keyword=Philips%20TAT2236"
"hs2-0420","耳机","Philips","Philips TAT3255","缺价","缺图","https://search.jd.com/Search?keyword=Philips%20TAT3255"
"hs2-0421","耳机","Philips","Philips TAT3508","缺价","缺图","https://search.jd.com/Search?keyword=Philips%20TAT3508"
"hs2-0424","耳机","Philips","Philips TAT6506","缺价","缺图","https://search.jd.com/Search?keyword=Philips%20TAT6506"
"hs2-0425","耳机","Philips","Philips TAA4205","缺价","缺图","https://search.jd.com/Search?keyword=Philips%20TAA4205"
"hs2-0426","耳机","Philips","Philips TAA6206","缺价","缺图","https://search.jd.com/Search?keyword=Philips%20TAA6206"
"hs2-0427","耳机","Philips","Philips TAE1005","缺价","缺图","https://search.jd.com/Search?keyword=Philips%20TAE1005"
"hs2-0428","耳机","Philips","Philips TAE1105","缺价","缺图","https://search.jd.com/Search?keyword=Philips%20TAE1105"
"hs2-0429","耳机","Philips","Philips TABH6505","缺价","缺图","https://search.jd.com/Search?keyword=Philips%20TABH6505"
"hs2-0430","耳机","Edifier","Edifier H840","缺价","缺图","https://search.jd.com/Search?keyword=Edifier%20H840"
"hs2-0431","耳机","Edifier","Edifier H850","缺价","缺图","https://search.jd.com/Search?keyword=Edifier%20H850"
"hs2-0432","耳机","Edifier","Edifier H830","缺价","缺图","https://search.jd.com/Search?keyword=Edifier%20H830"
"hs2-0433","耳机","Edifier","Edifier H870","缺价","缺图","https://search.jd.com/Search?keyword=Edifier%20H870"
"hs2-0434","耳机","Edifier","Edifier H880","缺价","缺图","https://search.jd.com/Search?keyword=Edifier%20H880"
"hs2-0435","耳机","Edifier","Edifier H890","缺价","缺图","https://search.jd.com/Search?keyword=Edifier%20H890"
"hs2-0439","耳机","Edifier","Edifier W800BT","缺价","缺图","https://search.jd.com/Search?keyword=Edifier%20W800BT"
"hs2-0443","耳机","Edifier","Edifier W240TN","缺价","缺图","https://search.jd.com/Search?keyword=Edifier%20W240TN"
"hs2-0444","耳机","Edifier","Edifier W280NB","缺价","缺图","https://search.jd.com/Search?keyword=Edifier%20W280NB"
"hs2-0445","耳机","Edifier","Edifier TWS1 Pro","缺价","缺图","https://search.jd.com/Search?keyword=Edifier%20TWS1%20Pro"
"hs2-0446","耳机","Edifier","Edifier TWS1 Pro 2","缺价","缺图","https://search.jd.com/Search?keyword=Edifier%20TWS1%20Pro%202"
"hs2-0448","耳机","Edifier","Edifier Neobuds Pro","缺价","缺图","https://search.jd.com/Search?keyword=Edifier%20Neobuds%20Pro"
"hs2-0450","耳机","Edifier","Edifier Neobuds S","缺价","缺图","https://search.jd.com/Search?keyword=Edifier%20Neobuds%20S"
"hs2-0452","耳机","Edifier","Edifier Neobuds 2","缺价","缺图","https://search.jd.com/Search?keyword=Edifier%20Neobuds%202"
"hs2-0454","耳机","Edifier","Edifier G2 II","","缺图","https://search.jd.com/Search?keyword=Edifier%20G2%20II"
"hs2-0455","耳机","Edifier","Edifier G3","缺价","缺图","https://search.jd.com/Search?keyword=Edifier%20G3"
"hs2-0456","耳机","Edifier","Edifier G3 Pro","缺价","缺图","https://search.jd.com/Search?keyword=Edifier%20G3%20Pro"
"hs2-0458","耳机","Edifier","Edifier G5","","缺图","https://search.jd.com/Search?keyword=Edifier%20G5"
"hs2-0459","耳机","Edifier","Edifier G6 Pro","缺价","缺图","https://search.jd.com/Search?keyword=Edifier%20G6%20Pro"
"hs2-0460","耳机","Edifier","Edifier G7","缺价","缺图","https://search.jd.com/Search?keyword=Edifier%20G7"
"hs2-0461","耳机","Edifier","Edifier G33BT","缺价","缺图","https://search.jd.com/Search?keyword=Edifier%20G33BT"
"hs2-0462","耳机","漫步者","漫步者 LolliPods Pro","缺价","缺图","https://search.jd.com/Search?keyword=%E6%BC%AB%E6%AD%A5%E8%80%85%20LolliPods%20Pro"
"hs2-0463","耳机","漫步者","漫步者 LolliPods Pro 2","缺价","缺图","https://search.jd.com/Search?keyword=%E6%BC%AB%E6%AD%A5%E8%80%85%20LolliPods%20Pro%202"
"hs2-0464","耳机","漫步者","漫步者 Lolli3 ANC","缺价","缺图","https://search.jd.com/Search?keyword=%E6%BC%AB%E6%AD%A5%E8%80%85%20Lolli3%20ANC"
"hs2-0465","耳机","漫步者","漫步者 DreamPods 2","缺价","缺图","https://search.jd.com/Search?keyword=%E6%BC%AB%E6%AD%A5%E8%80%85%20DreamPods%202"
"hs2-0466","耳机","漫步者","漫步者声迈 X3","缺价","缺图","https://search.jd.com/Search?keyword=%E6%BC%AB%E6%AD%A5%E8%80%85%E5%A3%B0%E8%BF%88%20X3"
"hs2-0467","耳机","漫步者","漫步者声迈 X3 Lite","缺价","缺图","https://search.jd.com/Search?keyword=%E6%BC%AB%E6%AD%A5%E8%80%85%E5%A3%B0%E8%BF%88%20X3%20Lite"
"hs2-0472","耳机","漫步者","漫步者 TWS NB3","缺价","缺图","https://search.jd.com/Search?keyword=%E6%BC%AB%E6%AD%A5%E8%80%85%20TWS%20NB3"
"hs2-0473","耳机","漫步者","漫步者 TWS1","缺价","缺图","https://search.jd.com/Search?keyword=%E6%BC%AB%E6%AD%A5%E8%80%85%20TWS1"
"hs2-0474","耳机","漫步者","漫步者 TWS5","缺价","缺图","https://search.jd.com/Search?keyword=%E6%BC%AB%E6%AD%A5%E8%80%85%20TWS5"
"hs2-0478","耳机","雷柏","雷柏 VH150","缺价","缺图","https://search.jd.com/Search?keyword=%E9%9B%B7%E6%9F%8F%20VH150"
"hs2-0480","耳机","雷柏","雷柏 VH200","缺价","缺图","https://search.jd.com/Search?keyword=%E9%9B%B7%E6%9F%8F%20VH200"
"hs2-0481","耳机","雷柏","雷柏 VH300","缺价","缺图","https://search.jd.com/Search?keyword=%E9%9B%B7%E6%9F%8F%20VH300"
"hs2-0482","耳机","雷柏","雷柏 VH310","缺价","缺图","https://search.jd.com/Search?keyword=%E9%9B%B7%E6%9F%8F%20VH310"
"hs2-0483","耳机","雷柏","雷柏 VH320","缺价","缺图","https://search.jd.com/Search?keyword=%E9%9B%B7%E6%9F%8F%20VH320"
"hs2-0487","耳机","雷柏","雷柏 VH600","缺价","缺图","https://search.jd.com/Search?keyword=%E9%9B%B7%E6%9F%8F%20VH600"
"hs2-0488","耳机","雷柏","雷柏 VH610","缺价","缺图","https://search.jd.com/Search?keyword=%E9%9B%B7%E6%9F%8F%20VH610"
"hs2-0489","耳机","雷柏","雷柏 VH650","缺价","缺图","https://search.jd.com/Search?keyword=%E9%9B%B7%E6%9F%8F%20VH650"
"hs2-0490","耳机","雷柏","雷柏 VH680","缺价","缺图","https://search.jd.com/Search?keyword=%E9%9B%B7%E6%9F%8F%20VH680"
"hs2-0491","耳机","雷柏","雷柏 VH700","缺价","缺图","https://search.jd.com/Search?keyword=%E9%9B%B7%E6%9F%8F%20VH700"
"hs2-0493","耳机","雷柏","雷柏 VH10","缺价","缺图","https://search.jd.com/Search?keyword=%E9%9B%B7%E6%9F%8F%20VH10"
"hs2-0494","耳机","雷柏","雷柏 VH20","缺价","缺图","https://search.jd.com/Search?keyword=%E9%9B%B7%E6%9F%8F%20VH20"
"hs2-0495","耳机","雷柏","雷柏 VH50","缺价","缺图","https://search.jd.com/Search?keyword=%E9%9B%B7%E6%9F%8F%20VH50"
"hs2-0496","耳机","西伯利亚","西伯利亚 S21 Pro","缺价","缺图","https://search.jd.com/Search?keyword=%E8%A5%BF%E4%BC%AF%E5%88%A9%E4%BA%9A%20S21%20Pro"
"hs2-0497","耳机","西伯利亚","西伯利亚 S31","缺价","缺图","https://search.jd.com/Search?keyword=%E8%A5%BF%E4%BC%AF%E5%88%A9%E4%BA%9A%20S31"
"hs2-0498","耳机","西伯利亚","西伯利亚 S31 Pro","缺价","缺图","https://search.jd.com/Search?keyword=%E8%A5%BF%E4%BC%AF%E5%88%A9%E4%BA%9A%20S31%20Pro"
"hs2-0500","耳机","西伯利亚","西伯利亚 V3","缺价","缺图","https://search.jd.com/Search?keyword=%E8%A5%BF%E4%BC%AF%E5%88%A9%E4%BA%9A%20V3"
"hs2-0501","耳机","西伯利亚","西伯利亚 K5","缺价","缺图","https://search.jd.com/Search?keyword=%E8%A5%BF%E4%BC%AF%E5%88%A9%E4%BA%9A%20K5"
"hs2-0502","耳机","西伯利亚","西伯利亚 K7","缺价","缺图","https://search.jd.com/Search?keyword=%E8%A5%BF%E4%BC%AF%E5%88%A9%E4%BA%9A%20K7"
"hs2-0506","耳机","ROG","ROG Strix Go 2.4","缺价","缺图","https://search.jd.com/Search?keyword=ROG%20Strix%20Go%202.4"
"hs2-0507","耳机","ROG","ROG Strix Go 2.4 Electro Punk","缺价","缺图","https://search.jd.com/Search?keyword=ROG%20Strix%20Go%202.4%20Electro%20Punk"
"hs2-0508","耳机","ROG","ROG Strix Go Pro","缺价","缺图","https://search.jd.com/Search?keyword=ROG%20Strix%20Go%20Pro"
"hs2-0509","耳机","ROG","ROG Strix Go BT","缺价","缺图","https://search.jd.com/Search?keyword=ROG%20Strix%20Go%20BT"
"hs2-0516","耳机","ROG","ROG Fusion II 300","缺价","缺图","https://search.jd.com/Search?keyword=ROG%20Fusion%20II%20300"
"hs2-0517","耳机","ROG","ROG Cetra II","缺价","缺图","https://search.jd.com/Search?keyword=ROG%20Cetra%20II"
"hs2-0519","耳机","ROG","ROG Cetra True Wireless","缺价","缺图","https://search.jd.com/Search?keyword=ROG%20Cetra%20True%20Wireless"
"hs2-0520","耳机","ROG","ROG Cetra SpeedNova","缺价","缺图","https://search.jd.com/Search?keyword=ROG%20Cetra%20SpeedNova"
"hs2-0522","耳机","ROG","ROG Theta 7.1","缺价","缺图","https://search.jd.com/Search?keyword=ROG%20Theta%207.1"
"hs2-0523","耳机","ROG","ROG Theta Electret","缺价","缺图","https://search.jd.com/Search?keyword=ROG%20Theta%20Electret"
"hs2-0524","耳机","Apple","Apple AirPods 4","缺价","缺图","https://search.jd.com/Search?keyword=Apple%20AirPods%204"
"hs2-0525","耳机","Apple","Apple AirPods 4 with Active Noise Cancellation","缺价","缺图","https://search.jd.com/Search?keyword=Apple%20AirPods%204%20with%20Active%20Noise%20Cancellation"
"hs2-0531","耳机","Bose","Bose QuietComfort Ultra Headphones","缺价","缺图","https://search.jd.com/Search?keyword=Bose%20QuietComfort%20Ultra%20Headphones"
"hs2-0532","耳机","Bose","Bose QuietComfort Headphones","缺价","缺图","https://search.jd.com/Search?keyword=Bose%20QuietComfort%20Headphones"
"hs2-0535","耳机","Bose","Bose QuietComfort Ultra Earbuds","缺价","缺图","https://search.jd.com/Search?keyword=Bose%20QuietComfort%20Ultra%20Earbuds"
"hs2-0536","耳机","Bose","Bose QuietComfort Earbuds II","缺价","缺图","https://search.jd.com/Search?keyword=Bose%20QuietComfort%20Earbuds%20II"
"hs2-0538","耳机","Bose","Bose SoundLink Around-Ear II","缺价","缺图","https://search.jd.com/Search?keyword=Bose%20SoundLink%20Around-Ear%20II"
"hs2-0539","耳机","Bose","Bose Sports Earbuds","缺价","缺图","https://search.jd.com/Search?keyword=Bose%20Sports%20Earbuds"
"hs2-0545","耳机","Samsung","Samsung Galaxy Buds Live","缺价","缺图","https://search.jd.com/Search?keyword=Samsung%20Galaxy%20Buds%20Live"
"hs2-0548","耳机","Google","Google Pixel Buds A-Series","缺价","缺图","https://search.jd.com/Search?keyword=Google%20Pixel%20Buds%20A-Series"
"hs2-0552","耳机","Nothing","Nothing Ear (1)","缺价","缺图","https://search.jd.com/Search?keyword=Nothing%20Ear%20%281%29"
"hs2-0558","耳机","Soundcore","Soundcore Liberty 4 NC","缺价","缺图","https://search.jd.com/Search?keyword=Soundcore%20Liberty%204%20NC"
"hs2-0568","耳机","1MORE","1MORE PistonBuds Pro","缺价","缺图","https://search.jd.com/Search?keyword=1MORE%20PistonBuds%20Pro"
"hs2-0569","耳机","1MORE","1MORE PistonBuds Pro Q30","缺价","缺图","https://search.jd.com/Search?keyword=1MORE%20PistonBuds%20Pro%20Q30"
"hs2-0570","耳机","1MORE","1MORE OpenEar S50","缺价","缺图","https://search.jd.com/Search?keyword=1MORE%20OpenEar%20S50"
"hs2-0591","耳机","Hifiman","Hifiman Susvara","缺价","缺图","https://search.jd.com/Search?keyword=Hifiman%20Susvara"
"hs2-0596","耳机","Meze","Meze Liric","缺价","缺图","https://search.jd.com/Search?keyword=Meze%20Liric"
"hs2-0603","耳机","Grado","Grado RS1x","缺价","缺图","https://search.jd.com/Search?keyword=Grado%20RS1x"
"hs2-0605","耳机","Shure","Shure SRH840","缺价","缺图","https://search.jd.com/Search?keyword=Shure%20SRH840"
"hs2-0609","耳机","Shure","Shure AONIC 50","","缺图","https://search.jd.com/Search?keyword=Shure%20AONIC%2050"
"hs2-0612","耳机","AKG","AKG K240 Studio","缺价","缺图","https://search.jd.com/Search?keyword=AKG%20K240%20Studio"
"hs2-0619","耳机","AKG","AKG N400","缺价","缺图","https://search.jd.com/Search?keyword=AKG%20N400"
"hs2-0625","耳机","Beats","Beats Powerbeats Pro","缺价","缺图","https://search.jd.com/Search?keyword=Beats%20Powerbeats%20Pro"
"hs2-0630","耳机","Skullcandy","Skullcandy Dime 2","缺价","缺图","https://search.jd.com/Search?keyword=Skullcandy%20Dime%202"
"hs2-0635","耳机","Creative","Creative SXFI Gamer","缺价","缺图","https://search.jd.com/Search?keyword=Creative%20SXFI%20Gamer"
"mon-0001","显示器","LG","LG UltraGear 24GN600","缺价","缺图","https://www.lg.com/us/monitors"
"mon-0002","显示器","LG","LG UltraGear 24GN650","缺价","缺图","https://www.lg.com/us/monitors"
"mon-0003","显示器","LG","LG UltraGear 24GQ50B","缺价","缺图","https://www.lg.com/us/monitors"
"mon-0004","显示器","LG","LG UltraGear 27GN600","缺价","缺图","https://www.lg.com/us/monitors"
"mon-0005","显示器","LG","LG UltraGear 27GN650","缺价","缺图","https://www.lg.com/us/monitors"
"mon-0006","显示器","LG","LG UltraGear 27GN800","缺价","缺图","https://www.lg.com/us/monitors"
"mon-0007","显示器","LG","LG UltraGear 27GN850","缺价","缺图","https://www.lg.com/us/monitors"
"mon-0008","显示器","LG","LG UltraGear 27GP850","缺价","缺图","https://www.lg.com/us/monitors"
"mon-0009","显示器","LG","LG UltraGear 27GP95U","缺价","缺图","https://www.lg.com/us/monitors"
"mon-0010","显示器","LG","LG UltraGear 27GN950","缺价","缺图","https://www.lg.com/us/monitors"
"mon-0011","显示器","LG","LG UltraGear 27GS75Q","缺价","缺图","https://www.lg.com/us/monitors"
"mon-0012","显示器","LG","LG UltraGear 27GS95QE","缺价","缺图","https://www.lg.com/us/monitors"
"mon-0013","显示器","LG","LG UltraGear 27GR95QE","缺价","缺图","https://www.lg.com/us/monitors"
"mon-0014","显示器","LG","LG UltraGear 32GN600","缺价","缺图","https://www.lg.com/us/monitors"
"mon-0015","显示器","LG","LG UltraGear 32GN650","缺价","缺图","https://www.lg.com/us/monitors"
"mon-0016","显示器","LG","LG UltraGear 32GP850","缺价","缺图","https://www.lg.com/us/monitors"
"mon-0017","显示器","LG","LG UltraGear 32GQ950","缺价","缺图","https://www.lg.com/us/monitors"
"mon-0018","显示器","LG","LG UltraGear 32GS95UE","缺价","缺图","https://www.lg.com/us/monitors"
"mon-0019","显示器","LG","LG UltraGear 34GN850","缺价","缺图","https://www.lg.com/us/monitors"
"mon-0020","显示器","LG","LG UltraGear 34GS95QE","缺价","缺图","https://www.lg.com/us/monitors"
"mon-0021","显示器","LG","LG UltraGear 38GN950","缺价","缺图","https://www.lg.com/us/monitors"
"mon-0022","显示器","LG","LG UltraGear 39GS95QE","缺价","缺图","https://www.lg.com/us/monitors"
"mon-0023","显示器","LG","LG UltraGear 45GS95QE","缺价","缺图","https://www.lg.com/us/monitors"
"mon-0024","显示器","LG","LG UltraGear 45GS95QB","缺价","缺图","https://www.lg.com/us/monitors"
"mon-0025","显示器","LG","LG UltraGear 48GQ900","缺价","缺图","https://www.lg.com/us/monitors"
"mon-0026","显示器","LG","LG UltraWide 29WN600","缺价","缺图","https://www.lg.com/us/monitors"
"mon-0027","显示器","LG","LG UltraWide 34WP65C","缺价","缺图","https://www.lg.com/us/monitors"
"mon-0028","显示器","LG","LG UltraWide 35WN75C","缺价","缺图","https://www.lg.com/us/monitors"
"mon-0029","显示器","LG","LG UltraWide 38WN95C","缺价","缺图","https://www.lg.com/us/monitors"
"mon-0030","显示器","LG","LG UltraFine 27UP850N","缺价","缺图","https://www.lg.com/us/monitors"
"mon-0031","显示器","LG","LG UltraFine 27UQ850","缺价","缺图","https://www.lg.com/us/monitors"
"mon-0032","显示器","LG","LG UltraFine 32UN880","缺价","缺图","https://www.lg.com/us/monitors"
"mon-0033","显示器","Samsung","Samsung Odyssey G3 24","缺价","缺图","https://www.samsung.com/us/computing/monitors/"
"mon-0034","显示器","Samsung","Samsung Odyssey G3 27","缺价","缺图","https://www.samsung.com/us/computing/monitors/"
"mon-0035","显示器","Samsung","Samsung Odyssey G30A 24","缺价","缺图","https://www.samsung.com/us/computing/monitors/"
"mon-0036","显示器","Samsung","Samsung Odyssey G30A 27","缺价","缺图","https://www.samsung.com/us/computing/monitors/"
"mon-0037","显示器","Samsung","Samsung Odyssey G40E 24","缺价","缺图","https://www.samsung.com/us/computing/monitors/"
"mon-0038","显示器","Samsung","Samsung Odyssey G40E 27","缺价","缺图","https://www.samsung.com/us/computing/monitors/"
"mon-0039","显示器","Samsung","Samsung Odyssey G4 25","缺价","缺图","https://www.samsung.com/us/computing/monitors/"
"mon-0040","显示器","Samsung","Samsung Odyssey G50A 27","缺价","缺图","https://www.samsung.com/us/computing/monitors/"
"mon-0041","显示器","Samsung","Samsung Odyssey G50A 32","缺价","缺图","https://www.samsung.com/us/computing/monitors/"
"mon-0042","显示器","Samsung","Samsung Odyssey G5 27","缺价","缺图","https://www.samsung.com/us/computing/monitors/"
"mon-0043","显示器","Samsung","Samsung Odyssey G5 32","缺价","缺图","https://www.samsung.com/us/computing/monitors/"
"mon-0044","显示器","Samsung","Samsung Odyssey G5 34","缺价","缺图","https://www.samsung.com/us/computing/monitors/"
"mon-0045","显示器","Samsung","Samsung Odyssey G55A 27","缺价","缺图","https://www.samsung.com/us/computing/monitors/"
"mon-0046","显示器","Samsung","Samsung Odyssey G55A 32","缺价","缺图","https://www.samsung.com/us/computing/monitors/"
"mon-0047","显示器","Samsung","Samsung Odyssey G6 27","缺价","缺图","https://www.samsung.com/us/computing/monitors/"
"mon-0048","显示器","Samsung","Samsung Odyssey G6 32","缺价","缺图","https://www.samsung.com/us/computing/monitors/"
"mon-0049","显示器","Samsung","Samsung Odyssey G65B 27","缺价","缺图","https://www.samsung.com/us/computing/monitors/"
"mon-0050","显示器","Samsung","Samsung Odyssey G7 27","缺价","缺图","https://www.samsung.com/us/computing/monitors/"
"mon-0051","显示器","Samsung","Samsung Odyssey G7 32","缺价","缺图","https://www.samsung.com/us/computing/monitors/"
"mon-0052","显示器","Samsung","Samsung Odyssey G75T 27","缺价","缺图","https://www.samsung.com/us/computing/monitors/"
"mon-0053","显示器","Samsung","Samsung Odyssey G75T 32","缺价","缺图","https://www.samsung.com/us/computing/monitors/"
"mon-0054","显示器","Samsung","Samsung Odyssey G8 32","缺价","缺图","https://www.samsung.com/us/computing/monitors/"
"mon-0055","显示器","Samsung","Samsung Odyssey G80SD 27","缺价","缺图","https://www.samsung.com/us/computing/monitors/"
"mon-0056","显示器","Samsung","Samsung Odyssey G80SD 32","缺价","缺图","https://www.samsung.com/us/computing/monitors/"
"mon-0057","显示器","Samsung","Samsung Odyssey G85B 32","缺价","缺图","https://www.samsung.com/us/computing/monitors/"
"mon-0058","显示器","Samsung","Samsung Odyssey G85B 34","缺价","缺图","https://www.samsung.com/us/computing/monitors/"
"mon-0059","显示器","Samsung","Samsung Odyssey G9 49","缺价","缺图","https://www.samsung.com/us/computing/monitors/"
"mon-0060","显示器","Samsung","Samsung Odyssey G90T 49","缺价","缺图","https://www.samsung.com/us/computing/monitors/"
"mon-0061","显示器","Samsung","Samsung Odyssey G95T 49","缺价","缺图","https://www.samsung.com/us/computing/monitors/"
"mon-0062","显示器","Samsung","Samsung Odyssey G95C 49","缺价","缺图","https://www.samsung.com/us/computing/monitors/"
"mon-0063","显示器","Samsung","Samsung Odyssey G97T 57","缺价","缺图","https://www.samsung.com/us/computing/monitors/"
"mon-0064","显示器","Samsung","Samsung Odyssey Ark 55","缺价","缺图","https://www.samsung.com/us/computing/monitors/"
"mon-0065","显示器","Samsung","Samsung Smart Monitor M7 32","缺价","缺图","https://www.samsung.com/us/computing/monitors/"
"mon-0066","显示器","Samsung","Samsung Smart Monitor M8 32","缺价","缺图","https://www.samsung.com/us/computing/monitors/"
"mon-0067","显示器","Samsung","Samsung ViewFinity S5 27","缺价","缺图","https://www.samsung.com/us/computing/monitors/"
"mon-0068","显示器","Samsung","Samsung ViewFinity S6 27","缺价","缺图","https://www.samsung.com/us/computing/monitors/"
"mon-0069","显示器","Samsung","Samsung ViewFinity S7 32","缺价","缺图","https://www.samsung.com/us/computing/monitors/"
"mon-0070","显示器","Samsung","Samsung ViewFinity S8 27","缺价","缺图","https://www.samsung.com/us/computing/monitors/"
"mon-0071","显示器","Dell","Dell S2421H","缺价","缺图","https://www.dell.com/en-us/shop/monitors/"
"mon-0072","显示器","Dell","Dell S2422HZ","缺价","缺图","https://www.dell.com/en-us/shop/monitors/"
"mon-0073","显示器","Dell","Dell S2721H","缺价","缺图","https://www.dell.com/en-us/shop/monitors/"
"mon-0076","显示器","Dell","Dell S3221QS","缺价","缺图","https://www.dell.com/en-us/shop/monitors/"
"mon-0077","显示器","Dell","Dell S3422DWG","缺价","缺图","https://www.dell.com/en-us/shop/monitors/"
"mon-0078","显示器","Dell","Dell G2422HS","缺价","缺图","https://www.dell.com/en-us/shop/monitors/"
"mon-0082","显示器","Dell","Dell G3223D","缺价","缺图","https://www.dell.com/en-us/shop/monitors/"
"mon-0083","显示器","Dell","Dell G3223Q","缺价","缺图","https://www.dell.com/en-us/shop/monitors/"
"mon-0089","显示器","Dell","Dell UltraSharp 24 USB-C Hub","缺价","缺图","https://www.dell.com/en-us/shop/monitors/"
"mon-0090","显示器","Dell","Dell UltraSharp 27 4K","缺价","缺图","https://www.dell.com/en-us/shop/monitors/"
"mon-0091","显示器","Dell","Dell UltraSharp 32 6K","缺价","缺图","https://www.dell.com/en-us/shop/monitors/"
"mon-0092","显示器","Alienware","Alienware AW2518HF","缺价","缺图","https://www.dell.com/en-us/shop/gaming-and-games/alienware-monitors/"
"mon-0097","显示器","Alienware","Alienware AW2721D","缺价","缺图","https://www.dell.com/en-us/shop/gaming-and-games/alienware-monitors/"
"mon-0104","显示器","Alienware","Alienware AW5520QF","缺价","缺图","https://www.dell.com/en-us/shop/gaming-and-games/alienware-monitors/"
"mon-0107","显示器","AOC","AOC 24G4","缺价","缺图","https://www.aoc.com/en-us/monitors"
"mon-0108","显示器","AOC","AOC 27G2","缺价","缺图","https://www.aoc.com/en-us/monitors"
"mon-0109","显示器","AOC","AOC 27G2SP","缺价","缺图","https://www.aoc.com/en-us/monitors"
"mon-0113","显示器","AOC","AOC 27G3XN","缺价","缺图","https://www.aoc.com/en-us/monitors"
"mon-0114","显示器","AOC","AOC Q27G2S","缺价","缺图","https://www.aoc.com/en-us/monitors"
"mon-0116","显示器","AOC","AOC Q27G4X","缺价","缺图","https://www.aoc.com/en-us/monitors"
"mon-0117","显示器","AOC","AOC 32G2SE","缺价","缺图","https://www.aoc.com/en-us/monitors"
"mon-0118","显示器","AOC","AOC 32G3","缺价","缺图","https://www.aoc.com/en-us/monitors"
"mon-0123","显示器","AOC","AOC AG276FK","缺价","缺图","https://www.aoc.com/en-us/monitors"
"mon-0126","显示器","AOC","AOC AGON AG493UCX2","缺价","缺图","https://www.aoc.com/en-us/monitors"
"mon-0127","显示器","AOC","AOC 24V2Q","缺价","缺图","https://www.aoc.com/en-us/monitors"
"mon-0129","显示器","AOC","AOC 27VQ1A","缺价","缺图","https://www.aoc.com/en-us/monitors"
"mon-0130","显示器","TUF","ASUS TUF VG249Q1A","缺价","缺图","https://www.asus.com/displays-desktops/monitors/tuf-gaming-monitors/"
"mon-0131","显示器","TUF","ASUS TUF VG249Q","缺价","缺图","https://www.asus.com/displays-desktops/monitors/tuf-gaming-monitors/"
"mon-0132","显示器","TUF","ASUS TUF VG259QM","缺价","缺图","https://www.asus.com/displays-desktops/monitors/tuf-gaming-monitors/"
"mon-0133","显示器","TUF","ASUS TUF VG259QR","缺价","缺图","https://www.asus.com/displays-desktops/monitors/tuf-gaming-monitors/"
"mon-0134","显示器","TUF","ASUS TUF VG27AQ","缺价","缺图","https://www.asus.com/displays-desktops/monitors/tuf-gaming-monitors/"
"mon-0135","显示器","TUF","ASUS TUF VG27AQ1A","缺价","缺图","https://www.asus.com/displays-desktops/monitors/tuf-gaming-monitors/"
"mon-0136","显示器","TUF","ASUS TUF VG27AQ3A","缺价","缺图","https://www.asus.com/displays-desktops/monitors/tuf-gaming-monitors/"
"mon-0137","显示器","TUF","ASUS TUF VG27AQML1A","缺价","缺图","https://www.asus.com/displays-desktops/monitors/tuf-gaming-monitors/"
"mon-0138","显示器","TUF","ASUS TUF VG27AQL3A","缺价","缺图","https://www.asus.com/displays-desktops/monitors/tuf-gaming-monitors/"
"mon-0139","显示器","TUF","ASUS TUF VG27WQ1B","缺价","缺图","https://www.asus.com/displays-desktops/monitors/tuf-gaming-monitors/"
"mon-0140","显示器","TUF","ASUS TUF VG32AQL1A","缺价","缺图","https://www.asus.com/displays-desktops/monitors/tuf-gaming-monitors/"
"mon-0141","显示器","TUF","ASUS TUF VG34VQL1A","缺价","缺图","https://www.asus.com/displays-desktops/monitors/tuf-gaming-monitors/"
"mon-0142","显示器","TUF","ASUS TUF VG278QR","缺价","缺图","https://www.asus.com/displays-desktops/monitors/tuf-gaming-monitors/"
"mon-0143","显示器","ROG","ASUS ROG Swift PG248QP","缺价","缺图","https://rog.asus.com/monitors/"
"mon-0144","显示器","ROG","ASUS ROG Swift PG259QNR","缺价","缺图","https://rog.asus.com/monitors/"
"mon-0145","显示器","ROG","ASUS ROG Swift PG27AQN","缺价","缺图","https://rog.asus.com/monitors/"
"mon-0146","显示器","ROG","ASUS ROG Swift PG27AQDM","缺价","缺图","https://rog.asus.com/monitors/"
"mon-0147","显示器","ROG","ASUS ROG Swift PG32UCDM","缺价","缺图","https://rog.asus.com/monitors/"
"mon-0148","显示器","ROG","ASUS ROG Swift PG32UQXR","缺价","缺图","https://rog.asus.com/monitors/"
"mon-0149","显示器","ROG","ASUS ROG Swift PG34WCDM","缺价","缺图","https://rog.asus.com/monitors/"
"mon-0150","显示器","ROG","ASUS ROG Swift PG42UQ","缺价","缺图","https://rog.asus.com/monitors/"
"mon-0151","显示器","ROG","ASUS ROG Swift PG48UQ","缺价","缺图","https://rog.asus.com/monitors/"
"mon-0152","显示器","ROG","ASUS ROG Strix XG249CM","缺价","缺图","https://rog.asus.com/monitors/"
"mon-0153","显示器","ROG","ASUS ROG Strix XG259CM","缺价","缺图","https://rog.asus.com/monitors/"
"mon-0154","显示器","ROG","ASUS ROG Strix XG27ACS","缺价","缺图","https://rog.asus.com/monitors/"
"mon-0155","显示器","ROG","ASUS ROG Strix XG27AQM","缺价","缺图","https://rog.asus.com/monitors/"
"mon-0156","显示器","ROG","ASUS ROG Strix XG27AQMR","缺价","缺图","https://rog.asus.com/monitors/"
"mon-0157","显示器","ROG","ASUS ROG Strix XG27AQV","缺价","缺图","https://rog.asus.com/monitors/"
"mon-0158","显示器","ROG","ASUS ROG Strix XG32AQ","缺价","缺图","https://rog.asus.com/monitors/"
"mon-0159","显示器","ROG","ASUS ROG Strix XG32UQ","缺价","缺图","https://rog.asus.com/monitors/"
"mon-0160","显示器","ROG","ASUS ROG Strix XG349C","缺价","缺图","https://rog.asus.com/monitors/"
"mon-0161","显示器","ASUS","ASUS ProArt PA278QV","缺价","缺图","https://www.asus.com/displays-desktops/monitors/"
"mon-0162","显示器","ASUS","ASUS ProArt PA279CV","缺价","缺图","https://www.asus.com/displays-desktops/monitors/"
"mon-0163","显示器","ASUS","ASUS ProArt PA32UCX","缺价","缺图","https://www.asus.com/displays-desktops/monitors/"
"mon-0164","显示器","MSI","MSI G2412","缺价","缺图","https://www.msi.com/Monitors"
"mon-0165","显示器","MSI","MSI G2422","缺价","缺图","https://www.msi.com/Monitors"
"mon-0166","显示器","MSI","MSI G255F","缺价","缺图","https://www.msi.com/Monitors"
"mon-0167","显示器","MSI","MSI G274F","缺价","缺图","https://www.msi.com/Monitors"
"mon-0168","显示器","MSI","MSI G272QPF","缺价","缺图","https://www.msi.com/Monitors"
"mon-0169","显示器","MSI","MSI G274QPF","缺价","缺图","https://www.msi.com/Monitors"
"mon-0171","显示器","MSI","MSI MAG 274QRF","缺价","缺图","https://www.msi.com/Monitors"
"mon-0172","显示器","MSI","MSI MAG 274QRF-QD","缺价","缺图","https://www.msi.com/Monitors"
"mon-0173","显示器","MSI","MSI MAG 274UPF","缺价","缺图","https://www.msi.com/Monitors"
"mon-0174","显示器","MSI","MSI MAG 271QPX","缺价","缺图","https://www.msi.com/Monitors"
"mon-0175","显示器","MSI","MSI MAG 274QRX","缺价","缺图","https://www.msi.com/Monitors"
"mon-0176","显示器","MSI","MSI MAG 274CQRF","缺价","缺图","https://www.msi.com/Monitors"
"mon-0177","显示器","MSI","MSI MAG 321UP","缺价","缺图","https://www.msi.com/Monitors"
"mon-0178","显示器","MSI","MSI MAG 323UPF","缺价","缺图","https://www.msi.com/Monitors"
"mon-0179","显示器","MSI","MSI MAG 341CQP","缺价","缺图","https://www.msi.com/Monitors"
"mon-0180","显示器","MSI","MSI MPG 271QRX","缺价","缺图","https://www.msi.com/Monitors"
"mon-0181","显示器","MSI","MSI MPG 321UR-QD","缺价","缺图","https://www.msi.com/Monitors"
"mon-0182","显示器","MSI","MSI MPG 341CQPX","缺价","缺图","https://www.msi.com/Monitors"
"mon-0183","显示器","MSI","MSI MPG 491CQP","缺价","缺图","https://www.msi.com/Monitors"
"mon-0184","显示器","MSI","MSI MEG 381CQR","缺价","缺图","https://www.msi.com/Monitors"
"mon-0185","显示器","MSI","MSI MEG 381KQR","缺价","缺图","https://www.msi.com/Monitors"
"mon-0186","显示器","MSI","MSI G27C4","缺价","缺图","https://www.msi.com/Monitors"
"mon-0187","显示器","Gigabyte","Gigabyte G24F","缺价","缺图","https://www.gigabyte.com/Monitor"
"mon-0188","显示器","Gigabyte","Gigabyte G24F2","缺价","缺图","https://www.gigabyte.com/Monitor"
"mon-0189","显示器","Gigabyte","Gigabyte G27F2","缺价","缺图","https://www.gigabyte.com/Monitor"
"mon-0190","显示器","Gigabyte","Gigabyte G27Q","缺价","缺图","https://www.gigabyte.com/Monitor"
"mon-0191","显示器","Gigabyte","Gigabyte G27QC","缺价","缺图","https://www.gigabyte.com/Monitor"
"mon-0192","显示器","Gigabyte","Gigabyte G32QC","缺价","缺图","https://www.gigabyte.com/Monitor"
"mon-0193","显示器","Gigabyte","Gigabyte G34WQC","缺价","缺图","https://www.gigabyte.com/Monitor"
"mon-0194","显示器","Gigabyte","Gigabyte M27Q","缺价","缺图","https://www.gigabyte.com/Monitor"
"mon-0195","显示器","Gigabyte","Gigabyte M27Q P","缺价","缺图","https://www.gigabyte.com/Monitor"
"mon-0196","显示器","Gigabyte","Gigabyte M27Q X","缺价","缺图","https://www.gigabyte.com/Monitor"
"mon-0197","显示器","Gigabyte","Gigabyte M28U","缺价","缺图","https://www.gigabyte.com/Monitor"
"mon-0198","显示器","Gigabyte","Gigabyte M32U","缺价","缺图","https://www.gigabyte.com/Monitor"
"mon-0199","显示器","Gigabyte","Gigabyte M32UC","缺价","缺图","https://www.gigabyte.com/Monitor"
"mon-0200","显示器","Gigabyte","Gigabyte M34WQ","缺价","缺图","https://www.gigabyte.com/Monitor"
"mon-0201","显示器","Gigabyte","Gigabyte FI32U","缺价","缺图","https://www.gigabyte.com/Monitor"
"mon-0202","显示器","Gigabyte","Gigabyte FO27Q2","缺价","缺图","https://www.gigabyte.com/Monitor"
"mon-0204","显示器","AORUS","AORUS CO49DQ","缺价","缺图","https://www.aorus.com/monitors"
"mon-0205","显示器","Nitro","Acer Nitro VG240Y","缺价","缺图","https://www.acer.com/us-en/nitro/monitors"
"mon-0206","显示器","Nitro","Acer Nitro VG270","缺价","缺图","https://www.acer.com/us-en/nitro/monitors"
"mon-0207","显示器","Nitro","Acer Nitro VG271U","缺价","缺图","https://www.acer.com/us-en/nitro/monitors"
"mon-0208","显示器","Nitro","Acer Nitro VG272U","缺价","缺图","https://www.acer.com/us-en/nitro/monitors"
"mon-0209","显示器","Nitro","Acer Nitro VG280K","缺价","缺图","https://www.acer.com/us-en/nitro/monitors"
"mon-0210","显示器","Nitro","Acer Nitro VG321QU","缺价","缺图","https://www.acer.com/us-en/nitro/monitors"
"mon-0211","显示器","Nitro","Acer Nitro VG340","缺价","缺图","https://www.acer.com/us-en/nitro/monitors"
"mon-0212","显示器","Predator","Acer Predator XB241H","缺价","缺图","https://www.acer.com/us-en/predator/monitors"
"mon-0213","显示器","Predator","Acer Predator XB251Q","缺价","缺图","https://www.acer.com/us-en/predator/monitors"
"mon-0214","显示器","Predator","Acer Predator XB253Q","缺价","缺图","https://www.acer.com/us-en/predator/monitors"
"mon-0215","显示器","Predator","Acer Predator XB271HU","缺价","缺图","https://www.acer.com/us-en/predator/monitors"
"mon-0216","显示器","Predator","Acer Predator XB273K","缺价","缺图","https://www.acer.com/us-en/predator/monitors"
"mon-0217","显示器","Predator","Acer Predator XB273U GS","缺价","缺图","https://www.acer.com/us-en/predator/monitors"
"mon-0218","显示器","Predator","Acer Predator XB273U GX","缺价","缺图","https://www.acer.com/us-en/predator/monitors"
"mon-0219","显示器","Predator","Acer Predator XB283K","缺价","缺图","https://www.acer.com/us-en/predator/monitors"
"mon-0220","显示器","Predator","Acer Predator XB323QK","缺价","缺图","https://www.acer.com/us-en/predator/monitors"
"mon-0221","显示器","Predator","Acer Predator X34 GS","缺价","缺图","https://www.acer.com/us-en/predator/monitors"
"mon-0222","显示器","Predator","Acer Predator X38 S","缺价","缺图","https://www.acer.com/us-en/predator/monitors"
"mon-0223","显示器","Predator","Acer Predator X45","缺价","缺图","https://www.acer.com/us-en/predator/monitors"
"mon-0224","显示器","Predator","Acer Predator X49","缺价","缺图","https://www.acer.com/us-en/predator/monitors"
"mon-0225","显示器","ZOWIE","BenQ ZOWIE XL2411K","缺价","缺图","https://zowie.benq.com/en/products/monitors.html"
"mon-0226","显示器","ZOWIE","BenQ ZOWIE XL2540K","缺价","缺图","https://zowie.benq.com/en/products/monitors.html"
"mon-0227","显示器","ZOWIE","BenQ ZOWIE XL2546K","缺价","缺图","https://zowie.benq.com/en/products/monitors.html"
"mon-0228","显示器","ZOWIE","BenQ ZOWIE XL2546X","缺价","缺图","https://zowie.benq.com/en/products/monitors.html"
"mon-0229","显示器","ZOWIE","BenQ ZOWIE XL2566K","缺价","缺图","https://zowie.benq.com/en/products/monitors.html"
"mon-0230","显示器","ZOWIE","BenQ ZOWIE XL2566X","缺价","缺图","https://zowie.benq.com/en/products/monitors.html"
"mon-0231","显示器","ZOWIE","BenQ ZOWIE XL2746S","缺价","缺图","https://zowie.benq.com/en/products/monitors.html"
"mon-0232","显示器","ZOWIE","BenQ ZOWIE XL2720Z","缺价","缺图","https://zowie.benq.com/en/products/monitors.html"
"mon-0233","显示器","BenQ","BenQ MOBIUZ EX2510S","缺价","缺图","https://www.benq.com/en-us/monitor.html"
"mon-0234","显示器","BenQ","BenQ MOBIUZ EX2710Q","缺价","缺图","https://www.benq.com/en-us/monitor.html"
"mon-0235","显示器","BenQ","BenQ MOBIUZ EX2710U","缺价","缺图","https://www.benq.com/en-us/monitor.html"
"mon-0236","显示器","BenQ","BenQ MOBIUZ EX3210U","缺价","缺图","https://www.benq.com/en-us/monitor.html"
"mon-0238","显示器","BenQ","BenQ PD3220U","缺价","缺图","https://www.benq.com/en-us/monitor.html"
"mon-0240","显示器","BenQ","BenQ SW321C","缺价","缺图","https://www.benq.com/en-us/monitor.html"
"mon-0241","显示器","Omen","HP Omen 24","缺价","缺图","https://www.omen.com/us/en/monitors.html"
"mon-0244","显示器","Omen","HP Omen 27q","缺价","缺图","https://www.omen.com/us/en/monitors.html"
"mon-0245","显示器","Omen","HP Omen 27i","缺价","缺图","https://www.omen.com/us/en/monitors.html"
"mon-0246","显示器","Omen","HP Omen 27qs","缺价","缺图","https://www.omen.com/us/en/monitors.html"
"mon-0247","显示器","Omen","HP Omen 32q","缺价","缺图","https://www.omen.com/us/en/monitors.html"
"mon-0248","显示器","Omen","HP Omen X 27","缺价","缺图","https://www.omen.com/us/en/monitors.html"
"mon-0249","显示器","Omen","HP Omen Transcend 32","缺价","缺图","https://www.omen.com/us/en/monitors.html"
"mon-0250","显示器","Omen","HP Omen Transcend 32 UHD","缺价","缺图","https://www.omen.com/us/en/monitors.html"
"mon-0251","显示器","HP","HP E24 G4","缺价","缺图","https://www.hp.com/us-en/shop/vwa/monitors"
"mon-0253","显示器","ViewSonic","ViewSonic XG2405","缺价","缺图","https://www.viewsonic.com/us/products/monitors"
"mon-0254","显示器","ViewSonic","ViewSonic XG2431","缺价","缺图","https://www.viewsonic.com/us/products/monitors"
"mon-0255","显示器","ViewSonic","ViewSonic XG2506","缺价","缺图","https://www.viewsonic.com/us/products/monitors"
"mon-0256","显示器","ViewSonic","ViewSonic XG270","缺价","缺图","https://www.viewsonic.com/us/products/monitors"
"mon-0257","显示器","ViewSonic","ViewSonic XG2705","缺价","缺图","https://www.viewsonic.com/us/products/monitors"
"mon-0258","显示器","ViewSonic","ViewSonic XG270QG","缺价","缺图","https://www.viewsonic.com/us/products/monitors"
"mon-0259","显示器","ViewSonic","ViewSonic XG321UG","缺价","缺图","https://www.viewsonic.com/us/products/monitors"
"mon-0260","显示器","ViewSonic","ViewSonic XG340-2K","缺价","缺图","https://www.viewsonic.com/us/products/monitors"
"mon-0261","显示器","ViewSonic","ViewSonic XG341C-2K","缺价","缺图","https://www.viewsonic.com/us/products/monitors"
"mon-0262","显示器","ViewSonic","ViewSonic VX2418","缺价","缺图","https://www.viewsonic.com/us/products/monitors"
"mon-0263","显示器","ViewSonic","ViewSonic VX2718","缺价","缺图","https://www.viewsonic.com/us/products/monitors"
"mon-0264","显示器","ViewSonic","ViewSonic VX2758","缺价","缺图","https://www.viewsonic.com/us/products/monitors"
"mon-0265","显示器","ViewSonic","ViewSonic VX3211","缺价","缺图","https://www.viewsonic.com/us/products/monitors"
"mon-0266","显示器","Philips","Philips Evnia 24M1N3200Z","缺价","缺图","https://www.philips.com/c-m-so/monitors"
"mon-0267","显示器","Philips","Philips Evnia 27M1N3200Z","缺价","缺图","https://www.philips.com/c-m-so/monitors"
"mon-0268","显示器","Philips","Philips Evnia 27M1N5500","缺价","缺图","https://www.philips.com/c-m-so/monitors"
"mon-0269","显示器","Philips","Philips Evnia 27M1N5500P","缺价","缺图","https://www.philips.com/c-m-so/monitors"
"mon-0270","显示器","Philips","Philips Evnia 27M2N5500","缺价","缺图","https://www.philips.com/c-m-so/monitors"
"mon-0271","显示器","Philips","Philips Evnia 32M1N5800","缺价","缺图","https://www.philips.com/c-m-so/monitors"
"mon-0272","显示器","Philips","Philips Evnia 34M2C8600","缺价","缺图","https://www.philips.com/c-m-so/monitors"
"mon-0273","显示器","Philips","Philips Evnia 49M2C8900","缺价","缺图","https://www.philips.com/c-m-so/monitors"
"mon-0274","显示器","Philips","Philips 27M2N3200","缺价","缺图","https://www.philips.com/c-m-so/monitors"
"mon-0275","显示器","Philips","Philips 34M1C5500V","缺价","缺图","https://www.philips.com/c-m-so/monitors"
"mon-0276","显示器","KTC","KTC H27T22","缺价","缺图","https://www.ktc.com/"
"mon-0277","显示器","KTC","KTC H27T22S","缺价","缺图","https://www.ktc.com/"
"mon-0278","显示器","KTC","KTC H27E22","缺价","缺图","https://www.ktc.com/"
"mon-0279","显示器","KTC","KTC H27V22","缺价","缺图","https://www.ktc.com/"
"mon-0280","显示器","KTC","KTC H32S17","缺价","缺图","https://www.ktc.com/"
"mon-0281","显示器","KTC","KTC M27T20","缺价","缺图","https://www.ktc.com/"
"mon-0282","显示器","KTC","KTC G27P6","缺价","缺图","https://www.ktc.com/"
"mon-0283","显示器","KTC","KTC G34P5","缺价","缺图","https://www.ktc.com/"
"mon-0284","显示器","KTC","KTC G42P5","缺价","缺图","https://www.ktc.com/"
"mon-0285","显示器","Xiaomi","Xiaomi Mi Monitor G24","缺价","缺图","https://www.mi.com/global/product/monitors"
"mon-0286","显示器","Xiaomi","Xiaomi Mi Monitor G27","缺价","缺图","https://www.mi.com/global/product/monitors"
"mon-0287","显示器","Xiaomi","Xiaomi Mi Monitor G27Q","缺价","缺图","https://www.mi.com/global/product/monitors"
"mon-0288","显示器","Xiaomi","Xiaomi Mi Monitor G27Qi","缺价","缺图","https://www.mi.com/global/product/monitors"
"mon-0289","显示器","Xiaomi","Xiaomi Mi Curved Monitor 34","缺价","缺图","https://www.mi.com/global/product/monitors"
"mon-0290","显示器","Xiaomi","Xiaomi Mi Surface Display 34","缺价","缺图","https://www.mi.com/global/product/monitors"
"mon-0291","显示器","Xiaomi","Xiaomi Mi Monitor 27 4K","缺价","缺图","https://www.mi.com/global/product/monitors"
"mon-0292","显示器","Redmi","Redmi Monitor G27Q","缺价","缺图","https://www.mi.com/global/product/monitors"
"mon-0293","显示器","HKC","HKC MG24Q","缺价","缺图","https://www.hkcofficial.com/"
"mon-0295","显示器","HKC","HKC MG27U","缺价","缺图","https://www.hkcofficial.com/"
"mon-0296","显示器","HKC","HKC PG27P3Q","缺价","缺图","https://www.hkcofficial.com/"
"mon-0297","显示器","HKC","HKC VG27","缺价","缺图","https://www.hkcofficial.com/"
"mon-0300","显示器","HKC","HKC CG32S","缺价","缺图","https://www.hkcofficial.com/"
"mon-0301","显示器","Innocn","Innocn 27G1S","缺价","缺图","https://www.innocn.com/"
"mon-0302","显示器","Innocn","Innocn 27G1Q","缺价","缺图","https://www.innocn.com/"
"mon-0303","显示器","Innocn","Innocn 27M2V","缺价","缺图","https://www.innocn.com/"
"mon-0304","显示器","Innocn","Innocn 27M2U","缺价","缺图","https://www.innocn.com/"
"mon-0305","显示器","Innocn","Innocn 32M2V","缺价","缺图","https://www.innocn.com/"
"mon-0306","显示器","Innocn","Innocn 34G1S","缺价","缺图","https://www.innocn.com/"
"chr-0001","电竞椅","Secretlab","Secretlab Titan Evo 2020","缺价","缺图","https://secretlab.co/"
"chr-0002","电竞椅","Secretlab","Secretlab Titan Evo 2022","缺价","缺图","https://secretlab.co/"
"chr-0003","电竞椅","Secretlab","Secretlab Titan Evo 2024","缺价","缺图","https://secretlab.co/"
"chr-0004","电竞椅","Secretlab","Secretlab Titan Evo XL","缺价","缺图","https://secretlab.co/"
"chr-0005","电竞椅","Secretlab","Secretlab Titan Evo NanoGen","缺价","缺图","https://secretlab.co/"
"chr-0006","电竞椅","Secretlab","Secretlab Titan Evo SoftWeave","缺价","缺图","https://secretlab.co/"
"chr-0007","电竞椅","Secretlab","Secretlab Titan Evo NAPA","缺价","缺图","https://secretlab.co/"
"chr-0008","电竞椅","Secretlab","Secretlab Titan Evo PU","缺价","缺图","https://secretlab.co/"
"chr-0009","电竞椅","Secretlab","Secretlab Omega 2020","缺价","缺图","https://secretlab.co/"
"chr-0010","电竞椅","Secretlab","Secretlab Classic 2020","缺价","缺图","https://secretlab.co/"
"chr-0011","电竞椅","Herman Miller","Herman Miller Aeron Size A","缺价","缺图","https://www.hermanmiller.com/en_us/seating/"
"chr-0012","电竞椅","Herman Miller","Herman Miller Aeron Size B","缺价","缺图","https://www.hermanmiller.com/en_us/seating/"
"chr-0013","电竞椅","Herman Miller","Herman Miller Aeron Size C","缺价","缺图","https://www.hermanmiller.com/en_us/seating/"
"chr-0015","电竞椅","Herman Miller","Herman Miller Embody Gaming","缺价","缺图","https://www.hermanmiller.com/en_us/seating/"
"chr-0019","电竞椅","Herman Miller","Herman Miller Lino","缺价","缺图","https://www.hermanmiller.com/en_us/seating/"
"chr-0020","电竞椅","Herman Miller","Herman Miller Caper","缺价","缺图","https://www.hermanmiller.com/en_us/seating/"
"chr-0025","电竞椅","Steelcase","Steelcase Amia","缺价","缺图","https://www.steelcase.com/products/office-chairs/"
"chr-0026","电竞椅","Steelcase","Steelcase Please V2","缺价","缺图","https://www.steelcase.com/products/office-chairs/"
"chr-0029","电竞椅","Steelcase","Steelcase Ology","缺价","缺图","https://www.steelcase.com/products/office-chairs/"
"chr-0031","电竞椅","Humanscale","Humanscale Liberty","缺价","缺图","https://www.humanscale.com/products/office-chairs"
"chr-0032","电竞椅","Humanscale","Humanscale Diffrient World","缺价","缺图","https://www.humanscale.com/products/office-chairs"
"chr-0034","电竞椅","Razer","Razer Iskur V2","缺价","缺图","https://www.razer.com/pc/gaming-chairs"
"chr-0035","电竞椅","Razer","Razer Iskur V2 X","缺价","缺图","https://www.razer.com/pc/gaming-chairs"
"chr-0036","电竞椅","Razer","Razer Iskur X","缺价","缺图","https://www.razer.com/pc/gaming-chairs"
"chr-0038","电竞椅","Razer","Razer Enki Pro","缺价","缺图","https://www.razer.com/pc/gaming-chairs"
"chr-0039","电竞椅","Razer","Razer Enki Pro HyperSense","缺价","缺图","https://www.razer.com/pc/gaming-chairs"
"chr-0041","电竞椅","Corsair","Corsair T3 Rush XL","缺价","缺图","https://www.corsair.com/us/en/gaming-chairs"
"chr-0042","电竞椅","Corsair","Corsair T2","缺价","缺图","https://www.corsair.com/us/en/gaming-chairs"
"chr-0043","电竞椅","Corsair","Corsair TC100 Relaxed","缺价","缺图","https://www.corsair.com/us/en/gaming-chairs"
"chr-0044","电竞椅","Corsair","Corsair TC100 Fabric","缺价","缺图","https://www.corsair.com/us/en/gaming-chairs"
"chr-0045","电竞椅","AndaSeat","AndaSeat Kaiser 2","缺价","缺图","https://andaseat.com/"
"chr-0046","电竞椅","AndaSeat","AndaSeat Kaiser 3","缺价","缺图","https://andaseat.com/"
"chr-0047","电竞椅","AndaSeat","AndaSeat Markus","缺价","缺图","https://andaseat.com/"
"chr-0048","电竞椅","AndaSeat","AndaSeat Phantom","缺价","缺图","https://andaseat.com/"
"chr-0049","电竞椅","AndaSeat","AndaSeat Fnatic Edition","缺价","缺图","https://andaseat.com/"
"chr-0050","电竞椅","AndaSeat","AndaSeat T-Clamp Master","缺价","缺图","https://andaseat.com/"
"chr-0051","电竞椅","AndaSeat","AndaSeat AD12","缺价","缺图","https://andaseat.com/"
"chr-0052","电竞椅","AndaSeat","AndaSeat Tilt","缺价","缺图","https://andaseat.com/"
"chr-0053","电竞椅","DXRacer","DXRacer Master","缺价","缺图","https://www.dxracer.com/"
"chr-0054","电竞椅","DXRacer","DXRacer King","缺价","缺图","https://www.dxracer.com/"
"chr-0055","电竞椅","DXRacer","DXRacer Racing","缺价","缺图","https://www.dxracer.com/"
"chr-0056","电竞椅","DXRacer","DXRacer Air","缺价","缺图","https://www.dxracer.com/"
"chr-0057","电竞椅","DXRacer","DXRacer Formula","缺价","缺图","https://www.dxracer.com/"
"chr-0058","电竞椅","DXRacer","DXRacer Craft","缺价","缺图","https://www.dxracer.com/"
"chr-0059","电竞椅","DXRacer","DXRacer G-Series","缺价","缺图","https://www.dxracer.com/"
"chr-0060","电竞椅","DXRacer","DXRacer Classic","缺价","缺图","https://www.dxracer.com/"
"chr-0061","电竞椅","Noblechairs","Noblechairs Epic","缺价","缺图","https://www.noblechairs.com/"
"chr-0062","电竞椅","Noblechairs","Noblechairs Epic Real Leather","缺价","缺图","https://www.noblechairs.com/"
"chr-0063","电竞椅","Noblechairs","Noblechairs Hero","缺价","缺图","https://www.noblechairs.com/"
"chr-0064","电竞椅","Noblechairs","Noblechairs Hero X","缺价","缺图","https://www.noblechairs.com/"
"chr-0065","电竞椅","Noblechairs","Noblechairs Legend","缺价","缺图","https://www.noblechairs.com/"
"chr-0066","电竞椅","Noblechairs","Noblechairs Icon","缺价","缺图","https://www.noblechairs.com/"
"chr-0067","电竞椅","Noblechairs","Noblechairs Tex","缺价","缺图","https://www.noblechairs.com/"
"chr-0068","电竞椅","Noblechairs","Noblechairs Plush","缺价","缺图","https://www.noblechairs.com/"
"chr-0069","电竞椅","Autonomous","Autonomous ErgoChair Pro","缺价","缺图","https://www.autonomous.ai/office-chairs"
"chr-0070","电竞椅","Autonomous","Autonomous ErgoChair Pro+","缺价","缺图","https://www.autonomous.ai/office-chairs"
"chr-0071","电竞椅","Autonomous","Autonomous ErgoChair 2","缺价","缺图","https://www.autonomous.ai/office-chairs"
"chr-0072","电竞椅","Autonomous","Autonomous MyoChair","缺价","缺图","https://www.autonomous.ai/office-chairs"
"chr-0073","电竞椅","Autonomous","Autonomous Kinn Chair","缺价","缺图","https://www.autonomous.ai/office-chairs"
"chr-0074","电竞椅","Branch","Branch Ergonomic Chair","","缺图","https://branchfurniture.com/"
"chr-0075","电竞椅","Branch","Branch Verve","缺价","缺图","https://branchfurniture.com/"
"chr-0076","电竞椅","Branch","Branch Task","缺价","缺图","https://branchfurniture.com/"
"chr-0077","电竞椅","Branch","Branch Former","缺价","缺图","https://branchfurniture.com/"
"chr-0080","电竞椅","Sihoo","Sihoo M60","缺价","缺图","https://www.sihoo.com/"
"chr-0081","电竞椅","Sihoo","Sihoo Doro C300","缺价","缺图","https://www.sihoo.com/"
"chr-0082","电竞椅","Sihoo","Sihoo Doro S300","缺价","缺图","https://www.sihoo.com/"
"chr-0083","电竞椅","Sihoo","Sihoo Doro C500","缺价","缺图","https://www.sihoo.com/"
"chr-0084","电竞椅","Sihoo","Sihoo Doro S100","缺价","缺图","https://www.sihoo.com/"
"chr-0085","电竞椅","Sihoo","Sihoo V1","缺价","缺图","https://www.sihoo.com/"
"chr-0086","电竞椅","Hbada","Hbada E3","缺价","缺图","https://www.hbada.com/"
"chr-0087","电竞椅","Hbada","Hbada E2","缺价","缺图","https://www.hbada.com/"
"chr-0088","电竞椅","Hbada","Hbada A6","缺价","缺图","https://www.hbada.com/"
"chr-0089","电竞椅","Hbada","Hbada O3","缺价","缺图","https://www.hbada.com/"
"chr-0090","电竞椅","Hbada","Hbada H16","缺价","缺图","https://www.hbada.com/"
"chr-0091","电竞椅","Hbada","Hbada H31","缺价","缺图","https://www.hbada.com/"
"chr-0092","电竞椅","Hbada","Hbada T3","缺价","缺图","https://www.hbada.com/"
"chr-0093","电竞椅","Hbada","Hbada H13","缺价","缺图","https://www.hbada.com/"
"chr-0094","电竞椅","IKEA","IKEA Markus","缺价","","https://www.ikea.com/us/en/cat/office-chairs-14615/"
"chr-0095","电竞椅","IKEA","IKEA Matchspel","缺价","","https://www.ikea.com/us/en/cat/office-chairs-14615/"
"chr-0096","电竞椅","IKEA","IKEA Jarvfjället","缺价","","https://www.ikea.com/us/en/cat/office-chairs-14615/"
"chr-0097","电竞椅","IKEA","IKEA Hattefjäll","缺价","","https://www.ikea.com/us/en/cat/office-chairs-14615/"
"chr-0098","电竞椅","IKEA","IKEA Millberget","缺价","","https://www.ikea.com/us/en/cat/office-chairs-14615/"
"chr-0099","电竞椅","IKEA","IKEA Flisberg","缺价","","https://www.ikea.com/us/en/cat/office-chairs-14615/"
"chr-0100","电竞椅","IKEA","IKEA Alefjäll","缺价","","https://www.ikea.com/us/en/cat/office-chairs-14615/"
"chr-0101","电竞椅","IKEA","IKEA Uppspel","缺价","","https://www.ikea.com/us/en/cat/office-chairs-14615/"
"chr-0102","电竞椅","ErgoTune","ErgoTune Supreme","缺价","缺图","https://search.jd.com/Search?keyword=ErgoTune%20ErgoTune%20Supreme"
"chr-0103","电竞椅","ErgoTune","ErgoTune V2","缺价","缺图","https://search.jd.com/Search?keyword=ErgoTune%20ErgoTune%20V2"
"chr-0104","电竞椅","WorkPro","WorkPro Quantum 9000","缺价","缺图","https://search.jd.com/Search?keyword=WorkPro%20WorkPro%20Quantum%209000"
"chr-0105","电竞椅","WorkPro","WorkPro Quantum 12000","缺价","缺图","https://search.jd.com/Search?keyword=WorkPro%20WorkPro%20Quantum%2012000"
"chr-0106","电竞椅","Goplus","Goplus Ergonomic Chair","缺价","缺图","https://search.jd.com/Search?keyword=Goplus%20Goplus%20Ergonomic%20Chair"
"chr-0107","电竞椅","Hon","Hon Ignition 2.0","缺价","缺图","https://search.jd.com/Search?keyword=Hon%20Hon%20Ignition%202.0"
"chr-0108","电竞椅","Lorell","Lorell High-Back Chair","缺价","缺图","https://search.jd.com/Search?keyword=Lorell%20Lorell%20High-Back%20Chair"
"chr-0109","电竞椅","Amazon Basics","Amazon Basics Ergonomic Chair","缺价","缺图","https://search.jd.com/Search?keyword=Amazon%20Basics%20Amazon%20Basics%20Ergonomic%20Chair"
"chr-0110","电竞椅","Ergonor","Ergonor Seated Chair","缺价","缺图","https://search.jd.com/Search?keyword=Ergonor%20Ergonor%20Seated%20Chair"
"chr-0111","电竞椅","Ergonor","Ergonor Pofit","缺价","缺图","https://search.jd.com/Search?keyword=Ergonor%20Ergonor%20Pofit"
"chr-0112","电竞椅","Xchair","Xchair X2","缺价","缺图","https://search.jd.com/Search?keyword=Xchair%20Xchair%20X2"
"chr-0113","电竞椅","Frost","Frost Ergonomic Chair","","缺图","https://search.jd.com/Search?keyword=Frost%20Frost%20Ergonomic%20Chair"
"chr-0114","电竞椅","Uplift","Uplift Pursuit Chair","缺价","缺图","https://search.jd.com/Search?keyword=Uplift%20Uplift%20Pursuit%20Chair"
"chr-0115","电竞椅","Vari","Vari Ergo Chair","缺价","缺图","https://search.jd.com/Search?keyword=Vari%20Vari%20Ergo%20Chair"
"chr-0116","电竞椅","Stealtho","Stealtho Heavy Duty Gaming Chair","缺价","缺图","https://search.jd.com/Search?keyword=Stealtho%20Stealtho%20Heavy%20Duty%20Gaming%20Chair"
"acc-0001","配件","Ergotron","Ergotron LX Monitor Arm","缺价","缺图","https://www.ergotron.com/en-us/products/monitor-arms"
"acc-0002","配件","Ergotron","Ergotron LX Dual Monitor Arm","缺价","缺图","https://www.ergotron.com/en-us/products/monitor-arms"
"acc-0003","配件","Ergotron","Ergotron HX Monitor Arm","缺价","缺图","https://www.ergotron.com/en-us/products/monitor-arms"
"acc-0004","配件","Ergotron","Ergotron MXV Desk Monitor Arm","缺价","缺图","https://www.ergotron.com/en-us/products/monitor-arms"
"acc-0005","配件","Ergotron","Ergotron Neo Flex Monitor Arm","缺价","缺图","https://www.ergotron.com/en-us/products/monitor-arms"
"acc-0006","配件","Ergotron","Ergotron LX Sit-Stand Desk Mount","缺价","缺图","https://www.ergotron.com/en-us/products/monitor-arms"
"acc-0007","配件","Ergotron","Ergotron 45-241 Monitor Arm","缺价","缺图","https://www.ergotron.com/en-us/products/monitor-arms"
"acc-0008","配件","Ergotron","Ergotron 45-384 Dual Arm","缺价","缺图","https://www.ergotron.com/en-us/products/monitor-arms"
"acc-0009","配件","Ergotron","Ergotron 45-475 Wall Mount","缺价","缺图","https://www.ergotron.com/en-us/products/monitor-arms"
"acc-0010","配件","Loctek","Loctek D7 Monitor Arm","缺价","缺图","https://search.jd.com/Search?keyword=Loctek%20Loctek%20D7%20Monitor%20Arm"
"acc-0011","配件","Loctek","Loctek D5 Monitor Arm","缺价","缺图","https://search.jd.com/Search?keyword=Loctek%20Loctek%20D5%20Monitor%20Arm"
"acc-0012","配件","North Bayou","North Bayou F80 Monitor Arm","缺价","缺图","https://search.jd.com/Search?keyword=North%20Bayou%20North%20Bayou%20F80%20Monitor%20Arm"
"acc-0013","配件","North Bayou","North Bayou F100 Monitor Arm","缺价","缺图","https://search.jd.com/Search?keyword=North%20Bayou%20North%20Bayou%20F100%20Monitor%20Arm"
"acc-0014","配件","North Bayou","North Bayou G40 Monitor Arm","缺价","缺图","https://search.jd.com/Search?keyword=North%20Bayou%20North%20Bayou%20G40%20Monitor%20Arm"
"acc-0015","配件","VIVO","VIVO Single Monitor Arm","缺价","缺图","https://search.jd.com/Search?keyword=VIVO%20VIVO%20Single%20Monitor%20Arm"
"acc-0016","配件","VIVO","VIVO Dual Monitor Arm","缺价","缺图","https://search.jd.com/Search?keyword=VIVO%20VIVO%20Dual%20Monitor%20Arm"
"acc-0017","配件","HUANUO","HUANUO Single Monitor Arm","缺价","缺图","https://search.jd.com/Search?keyword=HUANUO%20HUANUO%20Single%20Monitor%20Arm"
"acc-0018","配件","HUANUO","HUANUO Dual Monitor Arm","缺价","缺图","https://search.jd.com/Search?keyword=HUANUO%20HUANUO%20Dual%20Monitor%20Arm"
"acc-0019","配件","Amazon Basics","Amazon Basics Single Monitor Arm","缺价","缺图","https://search.jd.com/Search?keyword=Amazon%20Basics%20Amazon%20Basics%20Single%20Monitor%20Arm"
"acc-0020","配件","Amazon Basics","Amazon Basics Dual Monitor Arm","缺价","缺图","https://search.jd.com/Search?keyword=Amazon%20Basics%20Amazon%20Basics%20Dual%20Monitor%20Arm"
"acc-0021","配件","BenQ ScreenBar","BenQ ScreenBar","缺价","缺图","https://www.benq.com/en-us/lighting/"
"acc-0022","配件","BenQ ScreenBar","BenQ ScreenBar Plus","缺价","缺图","https://www.benq.com/en-us/lighting/"
"acc-0023","配件","BenQ ScreenBar","BenQ ScreenBar Pro","缺价","缺图","https://www.benq.com/en-us/lighting/"
"acc-0024","配件","BenQ ScreenBar","BenQ ScreenBar Halo","缺价","缺图","https://www.benq.com/en-us/lighting/"
"acc-0025","配件","Xiaomi","Xiaomi Monitor Light Bar","缺价","缺图","https://www.mi.com/global/product/monitors"
"acc-0026","配件","Baseus","Baseus Monitor Light Bar","缺价","缺图","https://search.jd.com/Search?keyword=Baseus%20Baseus%20Monitor%20Light%20Bar"
"acc-0027","配件","Yeelight","Yeelight Monitor Light Bar","缺价","缺图","https://search.jd.com/Search?keyword=Yeelight%20Yeelight%20Monitor%20Light%20Bar"
"acc-0028","配件","Elgato","Elgato Key Light","缺价","缺图","https://www.elgato.com/us/en/capture"
"acc-0029","配件","Elgato","Elgato Key Light Mini","缺价","缺图","https://www.elgato.com/us/en/capture"
"acc-0031","配件","Logitech","Logitech C310","缺价","缺图","https://www.logitech.com/en-us/products/webcams.html"
"acc-0032","配件","Logitech","Logitech C505","缺价","缺图","https://www.logitech.com/en-us/products/webcams.html"
"acc-0037","配件","Logitech","Logitech Brio 100","缺价","缺图","https://www.logitech.com/en-us/products/webcams.html"
"acc-0041","配件","Elgato","Elgato Facecam","缺价","缺图","https://www.elgato.com/us/en/capture"
"acc-0044","配件","Razer","Razer Kiyo Pro","缺价","缺图","https://www.razer.com/pc/gaming-chairs"
"acc-0045","配件","Razer","Razer Kiyo Pro Ultra","缺价","缺图","https://www.razer.com/pc/gaming-chairs"
"acc-0046","配件","Insta360","Insta360 Link","缺价","缺图","https://search.jd.com/Search?keyword=Insta360%20Insta360%20Link"
"acc-0047","配件","Anker","Anker PowerConf C200","缺价","缺图","https://search.jd.com/Search?keyword=Anker%20Anker%20PowerConf%20C200"
"acc-0048","配件","Papalook","Papalook PA930","缺价","缺图","https://search.jd.com/Search?keyword=Papalook%20Papalook%20PA930"
"acc-0052","配件","Rode","Rode PSA1-R","缺价","缺图","https://rode.com/en/microphones/accessories"
"acc-0053","配件","Rode","Rode DS1","缺价","缺图","https://rode.com/en/microphones/accessories"
"acc-0054","配件","Elgato","Elgato Wave Mic Arm","缺价","缺图","https://www.elgato.com/us/en/capture"
"acc-0055","配件","Elgato","Elgato Wave Mic Arm LP","缺价","缺图","https://www.elgato.com/us/en/capture"
"acc-0057","配件","Fifine","Fifine SC600","","缺图","https://search.jd.com/Search?keyword=Fifine%20Fifine%20SC600"
"acc-0058","配件","Fifine","Fifine SC660","缺价","缺图","https://search.jd.com/Search?keyword=Fifine%20Fifine%20SC660"
"acc-0059","配件","Innogear","Innogear Mic Arm","","缺图","https://search.jd.com/Search?keyword=Innogear%20Innogear%20Mic%20Arm"
"acc-0060","配件","Gator Frameworks","Gator Frameworks Mic Arm","","缺图","https://search.jd.com/Search?keyword=Gator%20Frameworks%20Gator%20Frameworks%20Mic%20Arm"
"acc-0061","配件","Neewer","Neewer Mic Arm","缺价","缺图","https://search.jd.com/Search?keyword=Neewer%20Neewer%20Mic%20Arm"
"acc-0062","配件","Amazon Basics","Amazon Basics Mic Arm","","缺图","https://search.jd.com/Search?keyword=Amazon%20Basics%20Amazon%20Basics%20Mic%20Arm"
"acc-0063","配件","Razer","Razer Base Station","缺价","缺图","https://www.razer.com/pc/gaming-chairs"
"acc-0064","配件","Razer","Razer Base Station Chroma","缺价","缺图","https://www.razer.com/pc/gaming-chairs"
"acc-0066","配件","SteelSeries","SteelSeries Arctis Stand","缺价","缺图","https://search.jd.com/Search?keyword=SteelSeries%20SteelSeries%20Arctis%20Stand"
"acc-0067","配件","NZXT","NZXT Puck","缺价","缺图","https://search.jd.com/Search?keyword=NZXT%20NZXT%20Puck"
"acc-0068","配件","HyperX","HyperX Headset Stand","缺价","缺图","https://search.jd.com/Search?keyword=HyperX%20HyperX%20Headset%20Stand"
"acc-0069","配件","Redragon","Redragon Headset Stand","缺价","缺图","https://search.jd.com/Search?keyword=Redragon%20Redragon%20Headset%20Stand"
"acc-0070","配件","NexiGo","NexiGo Headset Stand","缺价","缺图","https://search.jd.com/Search?keyword=NexiGo%20NexiGo%20Headset%20Stand"
"acc-0071","配件","Lamicall","Lamicall Headset Stand","缺价","缺图","https://search.jd.com/Search?keyword=Lamicall%20Lamicall%20Headset%20Stand"
"acc-0072","配件","Govee","Govee Headset Stand","缺价","缺图","https://search.jd.com/Search?keyword=Govee%20Govee%20Headset%20Stand"
"acc-0073","配件","ZOWIE","ZOWIE Camade II","缺价","缺图","https://zowie.benq.com/en/products/monitors.html"
"acc-0074","配件","Razer","Razer Mouse Bungee V3","缺价","缺图","https://www.razer.com/pc/gaming-chairs"
"acc-0075","配件","Glorious","Glorious Mouse Bungee","缺价","缺图","https://search.jd.com/Search?keyword=Glorious%20Glorious%20Mouse%20Bungee"
"acc-0076","配件","Corsair","Corsair MM1000","缺价","缺图","https://www.corsair.com/us/en/gaming-chairs"
"acc-0079","配件","Razer","Razer Mouse Dock Chroma","缺价","缺图","https://www.razer.com/pc/gaming-chairs"
"acc-0080","配件","Razer","Razer Viper Mini Signature Dock","缺价","缺图","https://www.razer.com/pc/gaming-chairs"
"acc-0081","配件","CableMod","CableMod Pro Coiled Cable","缺价","缺图","https://search.jd.com/Search?keyword=CableMod%20CableMod%20Pro%20Coiled%20Cable"
"acc-0082","配件","Keychron","Keychron Coiled Cable","缺价","缺图","https://search.jd.com/Search?keyword=Keychron%20Keychron%20Coiled%20Cable"
"acc-0083","配件","Glorious","Glorious Coiled Cable","缺价","缺图","https://search.jd.com/Search?keyword=Glorious%20Glorious%20Coiled%20Cable"
"acc-0084","配件","Ugreen","Ugreen Braided USB Cable","缺价","缺图","https://search.jd.com/Search?keyword=Ugreen%20Ugreen%20Braided%20USB%20Cable"
"acc-0085","配件","Anker","Anker PowerLine USB-C","缺价","缺图","https://search.jd.com/Search?keyword=Anker%20Anker%20PowerLine%20USB-C"
"acc-0086","配件","Baseus","Baseus Braided Cable","缺价","缺图","https://search.jd.com/Search?keyword=Baseus%20Baseus%20Braided%20Cable"
"acc-0087","配件","Nekteck","Nekteck USB Cable","缺价","缺图","https://search.jd.com/Search?keyword=Nekteck%20Nekteck%20USB%20Cable"
"acc-0088","配件","Belkin","Belkin Braided Cable","缺价","缺图","https://search.jd.com/Search?keyword=Belkin%20Belkin%20Braided%20Cable"
"acc-0089","配件","Vention","Vention USB Cable","缺价","缺图","https://search.jd.com/Search?keyword=Vention%20Vention%20USB%20Cable"
"acc-0090","配件","JSAUX","JSAUX USB Cable","缺价","缺图","https://search.jd.com/Search?keyword=JSAUX%20JSAUX%20USB%20Cable"
"acc-0091","配件","Cable Matters","Cable Matters USB-C Cable","缺价","缺图","https://search.jd.com/Search?keyword=Cable%20Matters%20Cable%20Matters%20USB-C%20Cable"
"acc-0092","配件","Cable Matters","Cable Matters Cable Sleeve","缺价","缺图","https://search.jd.com/Search?keyword=Cable%20Matters%20Cable%20Matters%20Cable%20Sleeve"
"acc-0093","配件","VIVO","VIVO Desk Grommet","缺价","缺图","https://search.jd.com/Search?keyword=VIVO%20VIVO%20Desk%20Grommet"
"acc-0094","配件","Ugreen","Ugreen Cable Clips","缺价","缺图","https://search.jd.com/Search?keyword=Ugreen%20Ugreen%20Cable%20Clips"
"acc-0095","配件","3M","3M Command Cable Clips","缺价","缺图","https://search.jd.com/Search?keyword=3M%203M%20Command%20Cable%20Clips"
"acc-0096","配件","VELCRO","VELCRO Cable Ties","","缺图","https://search.jd.com/Search?keyword=VELCRO%20VELCRO%20Cable%20Ties"
"acc-0097","配件","Nite Ize","Nite Ize Gear Tie","缺价","缺图","https://search.jd.com/Search?keyword=Nite%20Ize%20Nite%20Ize%20Gear%20Tie"
"acc-0098","配件","GMK","GMK Red Samurai Keycaps","缺价","缺图","https://search.jd.com/Search?keyword=GMK%20GMK%20Red%20Samurai%20Keycaps"
"acc-0099","配件","GMK","GMK Bingsu Keycaps","缺价","缺图","https://search.jd.com/Search?keyword=GMK%20GMK%20Bingsu%20Keycaps"
"acc-0100","配件","GMK","GMK Dracula Keycaps","缺价","缺图","https://search.jd.com/Search?keyword=GMK%20GMK%20Dracula%20Keycaps"
"acc-0101","配件","GMK","GMK Olivia Keycaps","缺价","缺图","https://search.jd.com/Search?keyword=GMK%20GMK%20Olivia%20Keycaps"
"acc-0102","配件","GMK","GMK White on Black Keycaps","缺价","缺图","https://search.jd.com/Search?keyword=GMK%20GMK%20White%20on%20Black%20Keycaps"
"acc-0103","配件","GMK","GMK Laser Keycaps","缺价","缺图","https://search.jd.com/Search?keyword=GMK%20GMK%20Laser%20Keycaps"
"acc-0104","配件","GMK","GMK Striker Keycaps","缺价","缺图","https://search.jd.com/Search?keyword=GMK%20GMK%20Striker%20Keycaps"
"acc-0105","配件","GMK","GMK Metropolis Keycaps","缺价","缺图","https://search.jd.com/Search?keyword=GMK%20GMK%20Metropolis%20Keycaps"
"acc-0106","配件","GMK","GMK Handarbeit Keycaps","缺价","缺图","https://search.jd.com/Search?keyword=GMK%20GMK%20Handarbeit%20Keycaps"
"acc-0107","配件","GMK","GMK Honor Keycaps","缺价","缺图","https://search.jd.com/Search?keyword=GMK%20GMK%20Honor%20Keycaps"
"acc-0108","配件","GMK","GMK Modo Light Keycaps","缺价","缺图","https://search.jd.com/Search?keyword=GMK%20GMK%20Modo%20Light%20Keycaps"
"acc-0109","配件","GMK","GMK Bento Keycaps","缺价","缺图","https://search.jd.com/Search?keyword=GMK%20GMK%20Bento%20Keycaps"
"acc-0110","配件","PBTFans","PBTFans BoW Keycaps","缺价","缺图","https://search.jd.com/Search?keyword=PBTFans%20PBTFans%20BoW%20Keycaps"
"acc-0111","配件","PBTFans","PBTFans WoB Keycaps","缺价","缺图","https://search.jd.com/Search?keyword=PBTFans%20PBTFans%20WoB%20Keycaps"
"acc-0112","配件","PBTFans","PBTFans Shuriken Keycaps","缺价","缺图","https://search.jd.com/Search?keyword=PBTFans%20PBTFans%20Shuriken%20Keycaps"
"acc-0113","配件","Akko","Akko ASA Keycaps","缺价","缺图","https://search.jd.com/Search?keyword=Akko%20Akko%20ASA%20Keycaps"
"acc-0114","配件","Akko","Akko WOB Keycaps","缺价","缺图","https://search.jd.com/Search?keyword=Akko%20Akko%20WOB%20Keycaps"
"acc-0115","配件","Keychron","Keychron OSA Keycaps","缺价","缺图","https://search.jd.com/Search?keyword=Keychron%20Keychron%20OSA%20Keycaps"
"acc-0116","配件","Ducky","Ducky PBT Keycaps","缺价","缺图","https://search.jd.com/Search?keyword=Ducky%20Ducky%20PBT%20Keycaps"
"acc-0117","配件","KBDfans","KBDfans PBT Keycaps","缺价","缺图","https://search.jd.com/Search?keyword=KBDfans%20KBDfans%20PBT%20Keycaps"
"acc-0118","配件","Drop","Drop MT3 Susuwatari Keycaps","缺价","缺图","https://search.jd.com/Search?keyword=Drop%20Drop%20MT3%20Susuwatari%20Keycaps"
"acc-0119","配件","Drop","Drop MT3 BoW Keycaps","缺价","缺图","https://search.jd.com/Search?keyword=Drop%20Drop%20MT3%20BoW%20Keycaps"
"acc-0120","配件","Signature Plastics","SA Carbon Keycaps","缺价","缺图","https://search.jd.com/Search?keyword=Signature%20Plastics%20SA%20Carbon%20Keycaps"
"acc-0121","配件","Signature Plastics","SA Bliss Keycaps","缺价","缺图","https://search.jd.com/Search?keyword=Signature%20Plastics%20SA%20Bliss%20Keycaps"
"acc-0122","配件","Signature Plastics","SA Miami Keycaps","缺价","缺图","https://search.jd.com/Search?keyword=Signature%20Plastics%20SA%20Miami%20Keycaps"
"acc-0123","配件","EPBT","EPBT Keycaps","缺价","缺图","https://search.jd.com/Search?keyword=EPBT%20EPBT%20Keycaps"
"acc-0124","配件","Infinikey","IFK Keycaps","缺价","缺图","https://search.jd.com/Search?keyword=Infinikey%20IFK%20Keycaps"
"acc-0125","配件","NicePBT","NicePBT Keycaps","缺价","缺图","https://search.jd.com/Search?keyword=NicePBT%20NicePBT%20Keycaps"
"acc-0126","配件","Glorious","Glorious Aura Keycaps","缺价","缺图","https://search.jd.com/Search?keyword=Glorious%20Glorious%20Aura%20Keycaps"
"acc-0127","配件","HyperX","HyperX Pudding Keycaps","缺价","缺图","https://search.jd.com/Search?keyword=HyperX%20HyperX%20Pudding%20Keycaps"
"acc-0128","配件","Glorious","Glorious Wrist Rest","","缺图","https://search.jd.com/Search?keyword=Glorious%20Glorious%20Wrist%20Rest"
"acc-0129","配件","Corsair","Corsair MM500 Wrist Rest","缺价","缺图","https://www.corsair.com/us/en/gaming-chairs"
"acc-0130","配件","Razer","Razer Ergonomic Wrist Rest","缺价","缺图","https://www.razer.com/pc/gaming-chairs"
"acc-0131","配件","Ducky","Ducky Wrist Rest","","缺图","https://search.jd.com/Search?keyword=Ducky%20Ducky%20Wrist%20Rest"
"acc-0133","配件","Logitech","Logitech Wrist Rest","缺价","缺图","https://www.logitech.com/en-us/products/webcams.html"
"acc-0134","配件","Keychron","Keychron Wooden Wrist Rest","缺价","缺图","https://search.jd.com/Search?keyword=Keychron%20Keychron%20Wooden%20Wrist%20Rest"
"acc-0135","配件","Glorious","Glorious Wooden Wrist Rest","缺价","缺图","https://search.jd.com/Search?keyword=Glorious%20Glorious%20Wooden%20Wrist%20Rest"
"acc-0136","配件","Varmilo","Varmilo Wrist Rest","缺价","缺图","https://search.jd.com/Search?keyword=Varmilo%20Varmilo%20Wrist%20Rest"
"acc-0137","配件","Filco","Filco Wrist Rest","","缺图","https://search.jd.com/Search?keyword=Filco%20Filco%20Wrist%20Rest"
"acc-0138","配件","Corsair","Corsair MM300 Wrist Rest","缺价","缺图","https://www.corsair.com/us/en/gaming-chairs"
"acc-0139","配件","SteelSeries","SteelSeries QcK Wrist Rest","缺价","缺图","https://search.jd.com/Search?keyword=SteelSeries%20SteelSeries%20QcK%20Wrist%20Rest"
"acc-0140","配件","Glorious","Glorious 3XL Desk Pad","缺价","缺图","https://search.jd.com/Search?keyword=Glorious%20Glorious%203XL%20Desk%20Pad"
"acc-0141","配件","SteelSeries","SteelSeries QcK Edge Desk Pad","缺价","缺图","https://search.jd.com/Search?keyword=SteelSeries%20SteelSeries%20QcK%20Edge%20Desk%20Pad"
"acc-0142","配件","Razer","Razer Goliathus Extended Desk Pad","缺价","缺图","https://www.razer.com/pc/gaming-chairs"
"acc-0143","配件","Corsair","Corsair MM350 Desk Pad","缺价","缺图","https://www.corsair.com/us/en/gaming-chairs"
"acc-0144","配件","HyperX","HyperX Fury S Desk Pad","缺价","缺图","https://search.jd.com/Search?keyword=HyperX%20HyperX%20Fury%20S%20Desk%20Pad"
"acc-0145","配件","Aukey","Aukey Desk Pad","缺价","缺图","https://search.jd.com/Search?keyword=Aukey%20Aukey%20Desk%20Pad"
"acc-0146","配件","Reflex Lab","Reflex Lab Desk Pad","缺价","缺图","https://search.jd.com/Search?keyword=Reflex%20Lab%20Reflex%20Lab%20Desk%20Pad"
"acc-0147","配件","NovelKeys","NovelKeys Desk Pad","缺价","缺图","https://search.jd.com/Search?keyword=NovelKeys%20NovelKeys%20Desk%20Pad"
"acc-0148","配件","LTTStore","LTTStore Desk Pad","缺价","缺图","https://search.jd.com/Search?keyword=LTTStore%20LTTStore%20Desk%20Pad"
"acc-0149","配件","Varmilo","Varmilo Desk Pad","缺价","缺图","https://search.jd.com/Search?keyword=Varmilo%20Varmilo%20Desk%20Pad"
"acc-0150","配件","Filco","Filco Desk Pad","缺价","缺图","https://search.jd.com/Search?keyword=Filco%20Filco%20Desk%20Pad"
"acc-0151","配件","Ducky","Ducky Desk Pad","缺价","缺图","https://search.jd.com/Search?keyword=Ducky%20Ducky%20Desk%20Pad"
"acc-0152","配件","Elgato","Elgato HD60 S+","缺价","缺图","https://www.elgato.com/us/en/capture"
"acc-0157","配件","Elgato","Elgato Cam Link Pro","缺价","缺图","https://www.elgato.com/us/en/capture"
"acc-0158","配件","Razer","Razer Ripsaw HD","缺价","缺图","https://www.razer.com/pc/gaming-chairs"
"acc-0159","配件","Razer","Razer Ripsaw X","缺价","缺图","https://www.razer.com/pc/gaming-chairs"
"acc-0160","配件","AverMedia","AverMedia Live Gamer 4K","缺价","缺图","https://search.jd.com/Search?keyword=AverMedia%20AverMedia%20Live%20Gamer%204K"
"acc-0161","配件","AverMedia","AverMedia Live Gamer Ultra","缺价","缺图","https://search.jd.com/Search?keyword=AverMedia%20AverMedia%20Live%20Gamer%20Ultra"
"acc-0162","配件","AverMedia","AverMedia Live Gamer 2 PLUS","缺价","缺图","https://search.jd.com/Search?keyword=AverMedia%20AverMedia%20Live%20Gamer%202%20PLUS"
"acc-0163","配件","MS2130","MS2130 USB HDMI Capture Card","缺价","缺图","https://search.jd.com/Search?keyword=MS2130%20MS2130%20USB%20HDMI%20Capture%20Card"
"acc-0165","配件","Elgato","Elgato Stream Deck Mini","缺价","缺图","https://www.elgato.com/us/en/capture"
"acc-0172","配件","Generic","Switch Puller","缺价","缺图","https://search.jd.com/Search?keyword=Generic%20Switch%20Puller"
"acc-0173","配件","Generic","Keycap Puller","缺价","缺图","https://search.jd.com/Search?keyword=Generic%20Keycap%20Puller"
"acc-0174","配件","Generic","Switch Lubrication Kit","缺价","缺图","https://search.jd.com/Search?keyword=Generic%20Switch%20Lubrication%20Kit"
"acc-0175","配件","Krytox","Krytox 205g0","缺价","缺图","https://search.jd.com/Search?keyword=Krytox%20Krytox%20205g0"
"acc-0176","配件","Generic","Switch Opener","缺价","缺图","https://search.jd.com/Search?keyword=Generic%20Switch%20Opener"
"acc-0177","配件","JWK","JWK Switch Tester","缺价","缺图","https://search.jd.com/Search?keyword=JWK%20JWK%20Switch%20Tester"
"acc-0178","配件","Gateron","Gateron Switch Sampler","缺价","缺图","https://search.jd.com/Search?keyword=Gateron%20Gateron%20Switch%20Sampler"
"acc-0179","配件","Kailh","Kailh Switch Sampler","缺价","缺图","https://search.jd.com/Search?keyword=Kailh%20Kailh%20Switch%20Sampler"
"acc-0180","配件","Everglide","Everglide Switch Sampler","缺价","缺图","https://search.jd.com/Search?keyword=Everglide%20Everglide%20Switch%20Sampler"
"acc-0181","配件","WS","WS Morandi Switch Sampler","缺价","缺图","https://search.jd.com/Search?keyword=WS%20WS%20Morandi%20Switch%20Sampler"
"acc-0182","配件","Ergonofis","Ergonofis Footrest","缺价","缺图","https://search.jd.com/Search?keyword=Ergonofis%20Ergonofis%20Footrest"
"acc-0183","配件","Uplift","Uplift Footrest","缺价","缺图","https://search.jd.com/Search?keyword=Uplift%20Uplift%20Footrest"
"acc-0184","配件","Ergodriven","Ergodriven Topo Footrest","缺价","缺图","https://search.jd.com/Search?keyword=Ergodriven%20Ergodriven%20Topo%20Footrest"
"acc-0185","配件","Amazon Basics","Amazon Basics Footrest","缺价","缺图","https://search.jd.com/Search?keyword=Amazon%20Basics%20Amazon%20Basics%20Footrest"
"acc-0186","配件","MINDREADER","MINDREADER Footrest","缺价","缺图","https://search.jd.com/Search?keyword=MINDREADER%20MINDREADER%20Footrest"
"acc-0187","配件","VIVO","VIVO Footrest","缺价","缺图","https://search.jd.com/Search?keyword=VIVO%20VIVO%20Footrest"
"acc-0188","配件","DMI","DMI Footrest","缺价","缺图","https://search.jd.com/Search?keyword=DMI%20DMI%20Footrest"
"acc-0189","配件","aboveTEK","aboveTEK Footrest","缺价","缺图","https://search.jd.com/Search?keyword=aboveTEK%20aboveTEK%20Footrest"
"acc-0190","配件","VIVO","VIVO Monitor Riser","缺价","缺图","https://search.jd.com/Search?keyword=VIVO%20VIVO%20Monitor%20Riser"
"acc-0191","配件","HUANUO","HUANUO Monitor Riser","缺价","缺图","https://search.jd.com/Search?keyword=HUANUO%20HUANUO%20Monitor%20Riser"
"acc-0192","配件","Amazon Basics","Amazon Basics Monitor Riser","缺价","缺图","https://search.jd.com/Search?keyword=Amazon%20Basics%20Amazon%20Basics%20Monitor%20Riser"
"acc-0193","配件","GreenSunny","GreenSunny Monitor Riser","缺价","缺图","https://search.jd.com/Search?keyword=GreenSunny%20GreenSunny%20Monitor%20Riser"
"acc-0194","配件","North Bayou","North Bayou Monitor Riser","缺价","缺图","https://search.jd.com/Search?keyword=North%20Bayou%20North%20Bayou%20Monitor%20Riser"
"acc-0195","配件","Simple Houseware","Simple Houseware Monitor Riser","缺价","缺图","https://search.jd.com/Search?keyword=Simple%20Houseware%20Simple%20Houseware%20Monitor%20Riser"
"acc-0196","配件","Mount-It!","Mount-It! Monitor Riser","缺价","缺图","https://search.jd.com/Search?keyword=Mount-It%21%20Mount-It%21%20Monitor%20Riser"
"acc-0197","配件","Loctek","Loctek Monitor Riser","缺价","缺图","https://search.jd.com/Search?keyword=Loctek%20Loctek%20Monitor%20Riser"
"acc-0198","配件","Anker","Anker 525 Charger","缺价","缺图","https://search.jd.com/Search?keyword=Anker%20Anker%20525%20Charger"
"acc-0199","配件","Anker","Anker 727 Charging Station","缺价","缺图","https://search.jd.com/Search?keyword=Anker%20Anker%20727%20Charging%20Station"
"acc-0200","配件","Ugreen","Ugreen Charger","缺价","缺图","https://search.jd.com/Search?keyword=Ugreen%20Ugreen%20Charger"
"acc-0201","配件","APC","APC Surge Protector","缺价","缺图","https://search.jd.com/Search?keyword=APC%20APC%20Surge%20Protector"
"acc-0202","配件","Belkin","Belkin Surge Protector","缺价","缺图","https://search.jd.com/Search?keyword=Belkin%20Belkin%20Surge%20Protector"
"acc-0203","配件","CyberPower","CyberPower Surge Protector","缺价","缺图","https://search.jd.com/Search?keyword=CyberPower%20CyberPower%20Surge%20Protector"
"acc-0204","配件","Tripp Lite","Tripp Lite Surge Protector","缺价","缺图","https://search.jd.com/Search?keyword=Tripp%20Lite%20Tripp%20Lite%20Surge%20Protector"
"acc-0206","配件","Anker","Anker 8-in-1 Hub","缺价","缺图","https://search.jd.com/Search?keyword=Anker%20Anker%208-in-1%20Hub"
"acc-0207","配件","Anker","Anker 10-in-1 Hub","缺价","缺图","https://search.jd.com/Search?keyword=Anker%20Anker%2010-in-1%20Hub"
"acc-0208","配件","Ugreen","Ugreen 9-in-1 Hub","缺价","缺图","https://search.jd.com/Search?keyword=Ugreen%20Ugreen%209-in-1%20Hub"
"acc-0209","配件","CalDigit","CalDigit TS4","","缺图","https://search.jd.com/Search?keyword=CalDigit%20CalDigit%20TS4"
"acc-0213","配件","Sabrent","Sabrent Hub","缺价","缺图","https://search.jd.com/Search?keyword=Sabrent%20Sabrent%20Hub"
"acc-0214","配件","Baseus","Baseus Hub","","缺图","https://search.jd.com/Search?keyword=Baseus%20Baseus%20Hub"
"acc-0215","配件","Rain Design","Rain Design mStand","缺价","缺图","https://search.jd.com/Search?keyword=Rain%20Design%20Rain%20Design%20mStand"
"acc-0216","配件","Ugreen","Ugreen Laptop Stand","缺价","缺图","https://search.jd.com/Search?keyword=Ugreen%20Ugreen%20Laptop%20Stand"
"acc-0217","配件","Nulaxy","Nulaxy Laptop Stand","缺价","缺图","https://search.jd.com/Search?keyword=Nulaxy%20Nulaxy%20Laptop%20Stand"
"acc-0218","配件","Soundance","Soundance Laptop Stand","缺价","缺图","https://search.jd.com/Search?keyword=Soundance%20Soundance%20Laptop%20Stand"
"acc-0219","配件","MOFT","MOFT Laptop Stand","缺价","缺图","https://search.jd.com/Search?keyword=MOFT%20MOFT%20Laptop%20Stand"
"acc-0220","配件","Roost","Roost Stand","","缺图","https://search.jd.com/Search?keyword=Roost%20Roost%20Stand"
"acc-0221","配件","Twelve South","Twelve South Curve","缺价","缺图","https://search.jd.com/Search?keyword=Twelve%20South%20Twelve%20South%20Curve"
"acc-0222","配件","Lamicall","Lamicall Laptop Stand","缺价","缺图","https://search.jd.com/Search?keyword=Lamicall%20Lamicall%20Laptop%20Stand"
"acc-0223","配件","Anker","Anker Phone Stand","缺价","缺图","https://search.jd.com/Search?keyword=Anker%20Anker%20Phone%20Stand"
"acc-0224","配件","Ugreen","Ugreen Phone Stand","","缺图","https://search.jd.com/Search?keyword=Ugreen%20Ugreen%20Phone%20Stand"
"acc-0225","配件","Lamicall","Lamicall Phone Stand","","缺图","https://search.jd.com/Search?keyword=Lamicall%20Lamicall%20Phone%20Stand"
"acc-0226","配件","Spigen","Spigen Phone Stand","缺价","缺图","https://search.jd.com/Search?keyword=Spigen%20Spigen%20Phone%20Stand"
"acc-0227","配件","Belkin","Belkin Phone Stand","缺价","缺图","https://search.jd.com/Search?keyword=Belkin%20Belkin%20Phone%20Stand"
"acc-0228","配件","Logitech","Logitech Phone Stand","缺价","缺图","https://www.logitech.com/en-us/products/webcams.html"
"acc-0229","配件","Ugreen","Ugreen HDMI Cable","缺价","缺图","https://search.jd.com/Search?keyword=Ugreen%20Ugreen%20HDMI%20Cable"
"acc-0230","配件","Anker","Anker HDMI Cable","缺价","缺图","https://search.jd.com/Search?keyword=Anker%20Anker%20HDMI%20Cable"
"acc-0231","配件","Belkin","Belkin HDMI Cable","缺价","缺图","https://search.jd.com/Search?keyword=Belkin%20Belkin%20HDMI%20Cable"
"acc-0232","配件","Amazon Basics","Amazon Basics HDMI Cable","缺价","缺图","https://search.jd.com/Search?keyword=Amazon%20Basics%20Amazon%20Basics%20HDMI%20Cable"
"acc-0233","配件","Vention","Vention HDMI Cable","缺价","缺图","https://search.jd.com/Search?keyword=Vention%20Vention%20HDMI%20Cable"
"acc-0234","配件","Cable Matters","Cable Matters DisplayPort Cable","缺价","缺图","https://search.jd.com/Search?keyword=Cable%20Matters%20Cable%20Matters%20DisplayPort%20Cable"
"acc-0235","配件","JSAUX","JSAUX DisplayPort Cable","缺价","缺图","https://search.jd.com/Search?keyword=JSAUX%20JSAUX%20DisplayPort%20Cable"
"acc-0236","配件","Monoprice","Monoprice DisplayPort Cable","缺价","缺图","https://search.jd.com/Search?keyword=Monoprice%20Monoprice%20DisplayPort%20Cable"
"acc-0237","配件","Zeskit","Zeskit HDMI Cable","缺价","缺图","https://search.jd.com/Search?keyword=Zeskit%20Zeskit%20HDMI%20Cable"
"acc-0238","配件","Highwings","Highwings HDMI Cable","缺价","缺图","https://search.jd.com/Search?keyword=Highwings%20Highwings%20HDMI%20Cable"
"acc-0239","配件","Meze","Meze Headphone Cable","缺价","缺图","https://search.jd.com/Search?keyword=Meze%20Meze%20Headphone%20Cable"
"acc-0240","配件","Hart Audio","Hart Audio Cable","缺价","缺图","https://search.jd.com/Search?keyword=Hart%20Audio%20Hart%20Audio%20Cable"
"acc-0241","配件","Periapt","Periapt Cable","","缺图","https://search.jd.com/Search?keyword=Periapt%20Periapt%20Cable"
"acc-0242","配件","Fog City Audio","Fog City Audio Cable","","缺图","https://search.jd.com/Search?keyword=Fog%20City%20Audio%20Fog%20City%20Audio%20Cable"
"acc-0243","配件","Lunashops","Lunashops Cable","","缺图","https://search.jd.com/Search?keyword=Lunashops%20Lunashops%20Cable"
"acc-0244","配件","Generic","8 Core Headphone Cable","缺价","缺图","https://search.jd.com/Search?keyword=Generic%208%20Core%20Headphone%20Cable"
"acc-0245","配件","Uplift","Uplift V2 Standing Desk","缺价","缺图","https://search.jd.com/Search?keyword=Uplift%20Uplift%20V2%20Standing%20Desk"
"acc-0246","配件","Fully","Fully Jarvis Standing Desk","缺价","缺图","https://search.jd.com/Search?keyword=Fully%20Fully%20Jarvis%20Standing%20Desk"
"acc-0247","配件","Flexispot","Flexispot E7 Standing Desk","缺价","缺图","https://search.jd.com/Search?keyword=Flexispot%20Flexispot%20E7%20Standing%20Desk"
"acc-0248","配件","Autonomous","Autonomous SmartDesk 2","缺价","缺图","https://www.autonomous.ai/office-chairs"
"acc-0249","配件","Vari","Vari Electric Standing Desk","缺价","缺图","https://search.jd.com/Search?keyword=Vari%20Vari%20Electric%20Standing%20Desk"
"acc-0250","配件","Fezibo","Fezibo Standing Desk","缺价","缺图","https://search.jd.com/Search?keyword=Fezibo%20Fezibo%20Standing%20Desk"
"acc-0251","配件","ApexDesk","ApexDesk Standing Desk","缺价","缺图","https://search.jd.com/Search?keyword=ApexDesk%20ApexDesk%20Standing%20Desk"
"acc-0252","配件","Mount-It!","Mount-It! Standing Desk","缺价","缺图","https://search.jd.com/Search?keyword=Mount-It%21%20Mount-It%21%20Standing%20Desk"
